workload1,workload2,selected_model_freq,best_w1_threadpercent_oracle,best_w2_threadpercent_oracle,pred_w1_threadpercent_selected,pred_w2_threadpercent_selected,mudi_latency_w1_threadpercent,mudi_latency_w2_threadpercent,mudi_xput_w1_threadpercent,mudi_xput_w2_threadpercent,gslice_w1_threadpercent,gslice_w2_threadpercent,muxflow_w1_threadpercent,muxflow_w2_threadpercent,baseline_freq1530_w1_tp,baseline_freq1530_w2_tp,baseline_freq300_w1_tp,baseline_freq300_w2_tp,baseline_freq900_w1_tp,baseline_freq900_w2_tp,pred_vs_oracle_ratio,mudi_latency_vs_oracle_ratio,mudi_xput_vs_oracle_ratio,gslice_vs_oracle_ratio,muxflow_vs_oracle_ratio,fairpartition_vs_oracle_ratio,nopartition_vs_oracle_ratio,pred_vs_nopartition_ratio,pred_vs_fairpartition_ratio,baseline_freq1530_actual_xput_vs_oracle_best_xput_ratio,baseline_freq1530_actual_xput_vs_oracle_ratio,baseline_freq300_actual_xput_vs_oracle_best_xput_ratio,baseline_freq300_actual_xput_vs_oracle_ratio,baseline_freq900_actual_xput_vs_oracle_best_xput_ratio,baseline_freq900_actual_xput_vs_oracle_ratio,baseline_freq1530_actual_power,baseline_freq1530_actual_xput,baseline_freq1530_exceeds_cap,baseline_freq1530_pred_power,baseline_freq1530_pred_xput,baseline_freq300_actual_power,baseline_freq300_actual_xput,baseline_freq300_exceeds_cap,baseline_freq300_pred_power,baseline_freq300_pred_xput,baseline_freq900_actual_power,baseline_freq900_actual_xput,baseline_freq900_exceeds_cap,baseline_freq900_pred_power,baseline_freq900_pred_xput,best_xput_under_powercap_oracle_power,best_xput_under_powercap_oracle_throughput,best_xput_under_powercap_oracle_value,gslice_oracle_power,gslice_oracle_throughput,gslice_source_freq,mudi_latency_oracle_power,mudi_latency_oracle_throughput,mudi_latency_source_freq,mudi_xput_oracle_power,mudi_xput_oracle_throughput,mudi_xput_source_freq,muxflow_oracle_power,muxflow_oracle_throughput,pred_xput_under_powercap_exec_power,pred_xput_under_powercap_exec_throughput,pred_xput_under_powercap_exec_value,pred_xput_under_powercap_pred_power_val,pred_xput_under_powercap_pred_throughput_val,xput_under_powercap_fair_partition_baseline_value,xput_under_powercap_true_no_partition_baseline_power,xput_under_powercap_true_no_partition_baseline_value
cudaTensorCoreGemm_batch2-cuda_samples,whisper-large-v2_batch2-inf,freq900,90,10,90,10,30,70,80,20,40,60,10,90,90,10,90,10,90,10,1.0,0.23160698524776194,0.8591602572185096,0.3245019543563233,0.077512293531711,0.40189604085235153,1.029220779220779,0.971608832807571,2.4882056510911976,,1.0,,1.0,,1.0,93.11430012610342,126.896,False,165.86770642827713,150.78869999999998,93.11430012610342,126.896,False,57.74047929867203,41.784575,93.11430012610342,126.896,False,101.20229511585326,114.54199500000006,93.11430012610342,126.896,126.896,96.78208901363271,41.178,freq900,94.45701581027669,29.39,freq900,92.7614393939394,109.024,freq900,94.0740458336844,9.836,93.11430012610342,126.896,126.896,101.20229511585326,114.54199500000006,50.999,93.2476653696498,130.60399999999998
cudaTensorCoreGemm_batch2-cuda_samples,vit_h_14_batch2-train,freq900,90,10,90,10,30,70,80,20,40,60,90,10,90,10,90,10,90,10,1.0,0.22363167814146698,0.8598023000884649,0.3172352782799338,1.0,0.44154005923304745,1.116873725912535,0.8953563655398519,2.2648001672532145,,1.0,,1.0,,1.0,96.82913770913774,129.995,False,164.83697871552403,150.32440500000007,96.82913770913774,129.995,False,57.71912072655241,41.85573,96.82913770913774,129.995,False,100.97993484618767,114.78547000000006,96.82913770913774,129.995,129.995,96.33753196949829,41.239,freq900,94.9195626975764,29.071,freq900,95.31213421342132,111.77,freq900,96.82913770913774,129.995,96.82913770913774,129.995,129.995,100.97993484618767,114.78547000000006,57.398,93.96956051873198,145.188
sortingNetworks_batch2-cuda_samples,wav2vec2-base-960h_batch2-inf,freq900,90,10,90,10,30,70,50,50,40,60,20,80,80,20,90,10,90,10,1.0,0.5454900081361523,0.7104421385820804,0.6078597461074641,0.4685086321233129,0.7104421385820804,0.5284598152090323,1.8922914689444266,1.4075741650063536,,0.9439385664768231,,1.0,,1.0,98.1756875,84.693,False,183.77936614858484,102.86800000000004,96.16318339100349,89.723,False,57.54787210610782,27.474830000000008,96.16318339100349,89.723,False,98.45780420759094,89.3372499999999,96.16318339100349,89.723,89.723,95.30407465007777,54.539,freq900,95.97449814126396,48.943,freq900,98.40205588822356,63.743,freq900,95.08835114169888,42.036,96.16318339100349,89.723,89.723,98.45780420759094,89.3372499999999,63.743,94.59196172248804,47.415000000000006
sortingNetworks_batch2-cuda_samples,whisper-large-v2_batch2-inf,freq900,90,10,90,10,30,70,50,50,50,50,10,90,90,10,90,10,90,10,1.0,0.3552084953235732,0.5766445249150245,0.5766445249150245,0.13223957523382132,0.5766445249150245,0.22437962366427472,4.456732673267328,1.7341706316336951,,1.0,,1.0,,1.0,97.62307971014492,90.02600000000001,False,176.34655007181925,98.80788999999996,97.62307971014492,90.02600000000001,False,57.77234242018709,26.50172,97.62307971014492,90.02600000000001,False,99.09103613689008,80.29935000000005,97.62307971014492,90.02600000000001,90.02600000000001,97.7322633744856,51.913,freq900,95.01043859649124,31.978,freq900,97.7322633744856,51.913,freq900,94.03172664952872,11.905,97.62307971014492,90.02600000000001,90.02600000000001,99.09103613689008,80.29935000000005,51.913,95.00783473603671,20.2
sortingNetworks_batch2-cuda_samples,vit_h_14_batch2-train,freq900,90,10,90,10,30,70,50,50,50,50,80,20,90,10,90,10,90,10,1.0,0.37922430858976913,0.5773992901404491,0.5773992901404491,0.8905691761646499,0.5773992901404491,0.36023615129613795,2.775956817221084,1.73190375720198,,1.0,,1.0,,1.0,94.74397959183672,85.369,False,174.0508702068177,99.76469999999992,94.74397959183672,85.369,False,57.6827158448332,26.52946,94.74397959183672,85.369,False,98.82597611440308,80.98344000000003,94.74397959183672,85.369,85.369,95.33212643678162,49.292,freq900,96.1575393939394,32.374,freq900,95.33212643678162,49.292,freq900,95.55666634615386,76.027,94.74397959183672,85.369,85.369,98.82597611440308,80.98344000000003,49.292,94.9465212399541,30.753
bert-base-cased_batch2-train,cudaTensorCoreGemm_batch2-cuda_samples,freq900,10,90,10,90,70,30,20,80,60,40,10,90,10,90,10,90,10,90,1.0,0.28534517128224,0.8809841445088478,0.37077161345723314,1.0,0.4707118103474714,1.1729843285184163,0.852526308909079,2.124442127895234,,1.0,,1.0,,1.0,94.20713740458017,130.428,False,163.26391033508332,158.47352999999993,94.20713740458017,130.428,False,52.50835107514221,42.51466000000001,94.20713740458017,130.428,False,80.46570453781862,114.25377000000007,94.20713740458017,130.428,130.428,95.80471067961165,48.359,freq900,95.83408707482994,37.217,freq900,95.09196271929824,114.905,freq900,94.20713740458017,130.428,94.20713740458017,130.428,130.428,80.46570453781862,114.25377000000007,61.394,96.03730303030302,152.99
bert-base-cased_batch2-train,sortingNetworks_batch2-cuda_samples,freq900,10,90,10,90,70,30,50,50,50,50,20,80,10,90,10,90,10,90,1.0,0.43716126975452024,0.6032814136721774,0.6032814136721774,0.8669217106162044,0.6032814136721774,0.5383476795554948,1.8575356372403877,1.6576012078890252,,1.0,,1.0,,1.0,96.1646875,87.828,False,169.00162972010068,112.43085000000006,96.1646875,87.828,False,56.8586331655479,28.02690999999995,96.1646875,87.828,False,94.34837591978405,89.01704000000011,96.1646875,87.828,87.828,94.86627118644068,52.985,freq900,96.26339290842816,38.395,freq900,94.86627118644068,52.985,freq900,95.13903508771932,76.14,96.1646875,87.828,87.828,94.34837591978405,89.01704000000011,52.985,93.81556280587276,47.282
bert-base-cased_batch2-train,reductionMultiBlockCG_batch2-cuda_samples,freq900,10,90,10,90,70,30,50,50,50,50,10,90,10,90,10,90,10,90,1.0,0.23921104653377753,0.4447313502965243,0.4447313502965243,1.0,0.4447313502965243,0.9214411798321178,1.0852564676805472,2.2485484761378993,,1.0,,1.0,,1.0,94.61794871794872,472.474,False,162.7374159276122,601.5424899999998,94.61794871794872,472.474,False,58.248597421765766,157.60986999999997,94.61794871794872,472.474,False,98.72115148664572,531.8794400000002,94.61794871794872,472.474,472.474,94.69382500158478,210.124,freq900,95.02825306122448,113.021,freq900,94.69382500158478,210.124,freq900,94.61794871794872,472.474,94.61794871794872,472.474,472.474,98.72115148664572,531.8794400000002,210.124,97.08573825503356,435.357
bert-base-cased_batch2-train,transpose_batch2-cuda_samples,freq900,10,90,10,90,70,30,50,50,50,50,20,80,10,90,10,90,10,90,1.0,0.26618200443440565,0.4485509737465652,0.4485509737465652,0.8328261376142344,0.4485509737465652,0.3721993682933076,2.6867321258104906,2.2294010235835713,,1.0,,1.0,,1.0,96.44560402684564,433.429,False,175.49812006325632,531.4337599999994,96.44560402684564,433.429,False,56.38825490385324,126.05770000000012,96.44560402684564,433.429,False,97.72010426807957,447.3158699999999,96.44560402684564,433.429,433.429,95.00336244541484,194.415,freq900,95.17718567860116,115.371,freq900,95.00336244541484,194.415,freq900,96.60562674094707,360.971,96.44560402684564,433.429,433.429,97.72010426807957,447.3158699999999,194.415,96.68063321385902,161.322
reductionMultiBlockCG_batch2-cuda_samples,wav2vec2-base-960h_batch2-inf,freq900,90,10,90,10,30,70,40,60,40,60,20,80,90,10,90,10,90,10,1.0,0.25991389122192826,0.33261576018273586,0.33261576018273586,0.19645870781886543,0.450773958570453,0.6917921929087811,1.445520794033966,2.218406766822371,,1.0,,1.0,,1.0,96.8891304347826,509.588,False,151.98900386585785,580.53321,96.8891304347826,509.588,False,57.28001018371002,151.8109950000002,96.8891304347826,509.588,False,90.44135187164302,486.61896000000047,96.8891304347826,509.588,509.588,93.95227923627688,169.497,freq900,94.39560283687942,132.44899999999998,freq900,93.95227923627688,169.497,freq900,95.43461628420698,100.113,96.8891304347826,509.588,509.588,90.44135187164302,486.61896000000047,229.709,96.04264000000002,352.529
reductionMultiBlockCG_batch2-cuda_samples,whisper-large-v2_batch2-inf,freq900,90,10,90,10,30,70,50,50,50,50,10,90,90,10,90,10,90,10,1.0,0.23402768586354825,0.38720891304178573,0.38720891304178573,0.06277979772813977,0.38720891304178573,0.6432077763331023,1.554707571635644,2.582585179004092,,1.0,,1.0,,1.0,97.4855158730159,513.764,False,152.21110917483958,578.4468400000002,97.4855158730159,513.764,False,57.30123627368435,151.25863500000017,97.4855158730159,513.764,False,90.45047495920454,486.8682000000002,97.4855158730159,513.764,513.764,94.85972093023256,198.934,freq900,97.11211610486892,120.235,freq900,94.85972093023256,198.934,freq900,94.5511389632514,32.254,97.4855158730159,513.764,513.764,90.45047495920454,486.8682000000002,198.934,94.15229381443298,330.457
reductionMultiBlockCG_batch2-cuda_samples,vit_h_14_batch2-train,freq900,90,10,90,10,30,70,60,40,50,50,90,10,90,10,90,10,90,10,1.0,0.21595729517362386,0.5536048759628761,0.41532009547957605,1.0,0.41532009547957605,0.7806479200669721,1.2809872085667116,2.407781397731997,,1.0,,1.0,,1.0,96.03220077220077,498.117,False,149.87076930510537,578.5670200000002,96.03220077220077,498.117,False,57.27028943362244,151.25863500000017,96.03220077220077,498.117,False,90.39630966936404,486.8455300000002,96.03220077220077,498.117,498.117,96.2734935897436,206.878,freq900,96.29975227085052,107.572,freq900,97.36316916488224,275.76,freq900,96.03220077220077,498.117,96.03220077220077,498.117,498.117,90.39630966936404,486.8455300000002,206.878,96.26936555891238,388.854
fastWalshTransform_batch2-cuda_samples,whisper-large-v2_batch2-inf,freq900,90,10,90,10,30,70,50,50,50,50,10,90,90,10,90,10,90,10,1.0,0.3740607644560602,0.6075309290797267,0.6075309290797267,0.1379770748405608,0.6075309290797267,0.3304546681249379,3.0261336771975067,1.6460067333769755,,1.0,,1.0,,1.0,97.09955645161293,70.40299999999999,False,180.25884281827683,77.33186000000005,97.09955645161293,70.40299999999999,False,59.55025772952444,24.724879999999985,97.09955645161293,70.40299999999999,False,106.08419842904192,86.97528,97.09955645161293,70.40299999999999,70.40299999999999,97.58502415458936,42.772,freq900,95.06902046783628,26.335,freq900,97.58502415458936,42.772,freq900,93.87224259440627,9.714,97.09955645161293,70.40299999999999,70.40299999999999,106.08419842904192,86.97528,42.772,95.21184143222509,23.265
fastWalshTransform_batch2-cuda_samples,vit_h_14_batch2-train,freq900,90,10,90,10,30,70,50,50,50,50,90,10,90,10,90,10,90,10,1.0,0.3719128536574926,0.5941445875957712,0.5941445875957712,1.0,0.5941445875957712,0.43029576681076914,2.323982890679399,1.6830919962538722,,1.0,,1.0,,1.0,96.97908730158731,70.089,False,180.6057602640768,78.03667000000004,96.97908730158731,70.089,False,59.44428919338268,24.82292999999998,96.97908730158731,70.089,False,105.54966019490703,86.69749,96.97908730158731,70.089,70.089,97.56554022988506,41.643,freq900,96.449231824417,26.067,freq900,97.56554022988506,41.643,freq900,96.97908730158731,70.089,96.97908730158731,70.089,70.089,105.54966019490703,86.69749,41.643,92.99328455284554,30.159
transpose_batch2-cuda_samples,whisper-large-v2_batch2-inf,freq900,90,10,90,10,30,70,50,50,50,50,10,90,90,10,90,10,90,10,1.0,0.2586035391242399,0.4473244829495202,0.4473244829495202,0.08424774310801542,0.4473244829495202,0.12635066135261333,7.914481723283176,2.2355136776916553,,1.0,,1.0,,1.0,97.56753521126764,453.389,False,167.89454928715705,502.3259300000006,97.56753521126764,453.389,False,56.34464154546588,117.84985999999992,97.56753521126764,453.389,False,90.75799423227689,438.2058200000001,97.56753521126764,453.389,453.389,97.3932389937107,202.812,freq900,96.66902903811253,117.248,freq900,97.3932389937107,202.812,freq900,93.85409221902016,38.197,97.56753521126764,453.389,453.389,90.75799423227689,438.2058200000001,202.812,93.4481894294453,57.286
transpose_batch2-cuda_samples,vit_h_14_batch2-train,freq900,90,10,90,10,30,70,50,50,50,50,80,20,90,10,90,10,90,10,1.0,0.2589808756051842,0.43784399185804473,0.43784399185804473,0.7890175604034178,0.43784399185804473,0.21827339949630276,4.581410296937894,2.2839185157169273,,1.0,,1.0,,1.0,96.255,434.785,False,167.1845907164891,504.3131300000007,96.255,434.785,False,56.32839892061075,117.7919699999999,96.255,434.785,False,90.35624163949008,439.5974700000001,96.255,434.785,434.785,96.27411764705884,190.368,freq900,97.3959536082474,112.601,freq900,96.27411764705884,190.368,freq900,94.94877333333334,343.053,96.255,434.785,434.785,90.35624163949008,439.5974700000001,190.368,93.6077417027417,94.902
albert-base-v2_batch2-train,cudaTensorCoreGemm_batch2-cuda_samples,freq900,10,90,10,90,70,30,20,80,60,40,10,90,10,90,10,90,10,90,1.0,0.2738191406666768,0.8975978905333108,0.3607812952491274,1.0,0.4871282903260223,1.1388224176561141,0.8781000307828206,2.0528473091364208,,1.0,,1.0,,1.0,94.60897828863344,131.21800000000002,False,162.48704276415444,158.81704999999965,94.60897828863344,131.21800000000002,False,52.54796668953821,42.71521999999992,94.60897828863344,131.21800000000002,False,80.63835738232044,113.79984999999996,94.60897828863344,131.21800000000002,131.21800000000002,94.3179146387121,47.341,freq900,93.80298668032783,35.93,freq900,97.61448430493272,117.781,freq900,94.60897828863344,131.21800000000002,94.60897828863344,131.21800000000002,131.21800000000002,80.63835738232044,113.79984999999996,63.92,94.566765578635,149.434
albert-base-v2_batch2-train,sortingNetworks_batch2-cuda_samples,freq900,10,90,10,90,70,30,50,50,50,50,20,80,10,90,10,90,10,90,1.0,0.4367766870896195,0.6227353580604783,0.6227353580604783,0.8380877088960625,0.6227353580604783,0.5042053714561785,1.9833188153310104,1.6058185665167943,,1.0,,1.0,,1.0,97.24471428571428,91.074,False,167.26929007077135,112.3826500000001,97.24471428571428,91.074,False,56.92178780300215,28.077189999999973,97.24471428571428,91.074,False,94.57159887964366,89.17753999999996,97.24471428571428,91.074,91.074,98.59394422310756,56.715,freq900,98.23769325153374,39.779,freq900,98.59394422310756,56.715,freq900,94.5598245614035,76.328,97.24471428571428,91.074,91.074,94.57159887964366,89.17753999999996,56.715,97.19805722891566,45.92
albert-base-v2_batch2-train,reductionMultiBlockCG_batch2-cuda_samples,freq900,10,90,10,90,70,30,50,50,50,50,10,90,10,90,10,90,10,90,1.0,0.23149627794168604,0.43891519586741284,0.43891519586741284,1.0,0.43891519586741284,0.8386065117646442,1.1924543704004185,2.2783444488034523,,1.0,,1.0,,1.0,94.41661764705884,476.215,False,162.91590436471503,585.7829300000002,94.41661764705884,476.215,False,58.18383182424721,157.37354000000002,94.41661764705884,476.215,False,98.43520540747186,538.9970600000005,94.41661764705884,476.215,476.215,95.31125984251968,209.018,freq900,94.92520158102766,110.242,freq900,95.31125984251968,209.018,freq900,94.41661764705884,476.215,94.41661764705884,476.215,476.215,98.43520540747186,538.9970600000005,209.018,96.96603076923076,399.357
albert-base-v2_batch2-train,fastWalshTransform_batch2-cuda_samples,freq900,10,90,10,90,70,30,50,50,50,50,10,90,10,90,10,90,10,90,1.0,0.4602200266274263,0.6277766099082056,0.6277766099082056,1.0,0.6277766099082056,0.6035316375867145,1.6569139672587945,1.5929233173345236,,1.0,,1.0,,1.0,97.14330677290836,71.35499999999999,False,153.4985992024229,74.10002999999999,97.14330677290836,71.35499999999999,False,58.95208377572866,24.23184000000001,97.14330677290836,71.35499999999999,False,93.528083023411,67.7884200000001,97.14330677290836,71.35499999999999,71.35499999999999,95.1923127753304,44.795,freq900,96.62452149791956,32.839,freq900,95.1923127753304,44.795,freq900,97.14330677290836,71.35499999999999,97.14330677290836,71.35499999999999,71.35499999999999,93.528083023411,67.7884200000001,44.795,95.49647181628391,43.065000000000005
albert-base-v2_batch2-train,transpose_batch2-cuda_samples,freq900,10,90,10,90,70,30,50,50,50,50,20,80,10,90,10,90,10,90,1.0,0.2692785367505927,0.44566105904933945,0.44566105904933945,0.8298972564073613,0.44566105904933945,0.3035768318843852,3.2940590156130294,2.243857702382943,,1.0,,1.0,,1.0,97.83309278350517,442.85,False,174.32709391857662,530.1618599999994,97.83309278350517,442.85,False,56.35744424058035,125.82981999999994,97.83309278350517,442.85,False,98.30616080256844,447.5790000000002,97.83309278350517,442.85,442.85,95.5116,197.361,freq900,96.73782292557742,119.25,freq900,95.5116,197.361,freq900,97.21514124293785,367.52,97.83309278350517,442.85,442.85,98.30616080256844,447.5790000000002,197.361,97.0088023369036,134.439
bert-base-cased_batch2-inf,reductionMultiBlockCG_batch2-cuda_samples,freq900,10,90,10,90,70,30,60,40,50,50,90,10,10,90,10,90,10,90,1.0,0.2651266273493042,0.3365175413402788,0.44512355854916574,0.1274496303669577,0.44512355854916574,0.798110327299338,1.2529596044494506,2.246567230140316,,1.0,,1.0,,1.0,97.93388235294118,508.342,False,162.98020819144915,602.5906300000003,97.93388235294118,508.342,False,58.38021351593719,159.46358000000006,97.93388235294118,508.342,False,98.99690814478566,544.6658699999998,97.93388235294118,508.342,508.342,98.69076311605724,226.275,freq900,98.94329517579722,134.775,freq900,97.10969457013574,171.066,freq900,94.3268104604381,64.78800000000001,97.93388235294118,508.342,508.342,98.99690814478566,544.6658699999998,226.275,96.95889230769232,405.713
cudaTensorCoreGemm_batch2-cuda_samples,wav2vec2-base-960h_batch2-inf,freq900,90,10,90,10,30,70,80,20,30,70,20,80,90,10,90,10,90,10,1.0,0.3746987420644251,0.9124000705384435,0.3746987420644251,0.31208117799200563,0.5141885139901246,1.0976002233717375,0.9110785317882701,1.9448120150330814,,1.0,,1.0,,1.0,97.24272727272728,136.096,False,165.50337514479128,153.5766800000001,97.24272727272728,136.096,False,57.69347278635824,42.60095999999999,97.24272727272728,136.096,False,100.89324904695962,114.96710999999992,97.24272727272728,136.096,136.096,94.5613137603796,50.995,freq900,94.5613137603796,50.995,freq900,95.82546998867498,124.174,freq900,94.66489530277306,42.473,97.24272727272728,136.096,136.096,100.89324904695962,114.96710999999992,69.979,93.38963450292398,149.379
cudaTensorCoreGemm_batch2-cuda_samples,vit-base-patch16-224_batch2-inf,freq900,80,20,80,20,30,70,80,20,40,60,60,40,80,20,80,20,80,20,1.0,0.7094245336647145,1.0,0.7644197083669342,0.8541900770725646,0.8144441653556839,1.047393678198908,0.9547508456606251,1.2278312529420359,,1.0,,1.0,,1.0,94.68526004728132,151.286,False,167.09416658226772,175.06155999999993,94.68526004728132,151.286,False,57.98781565910611,46.46330500000003,94.68526004728132,151.286,False,101.8136508799339,130.45382999999995,94.68526004728132,151.286,151.286,94.41261256253476,115.646,freq900,93.6285664939551,107.326,freq900,94.68526004728132,151.286,freq900,93.73825203252032,129.227,94.68526004728132,151.286,151.286,101.8136508799339,130.45382999999995,123.214,93.24533434650456,158.456
cudaTensorCoreGemm_batch2-cuda_samples,resnet-50_batch2-inf,freq900,80,20,80,20,30,70,80,20,40,60,90,10,70,30,60,40,80,20,1.0,0.6808218763554202,1.0,0.7607248408799767,0.9498028021263075,0.8425745670220601,0.863212257537397,1.158463623828554,1.1868385768328302,,0.9622802328044464,,0.9010782840254592,,1.0,94.98000000000002,190.799,False,146.37771377725386,195.48502,94.28493646138809,178.664,False,55.305533914053946,65.58511000000003,95.12607721046076,198.278,False,95.9417560554894,160.53570000000013,95.12607721046076,198.278,198.278,93.8552838121934,150.835,freq900,94.43643444871093,134.99200000000002,freq900,95.12607721046076,198.278,freq900,94.11652759084794,188.325,95.12607721046076,198.278,198.278,95.9417560554894,160.53570000000013,167.06400000000002,98.3526592356688,171.156
cudaTensorCoreGemm_batch2-cuda_samples,mobilenet_v2_1.0_224_batch2-inf,freq900,90,10,90,10,30,70,80,20,40,60,90,10,90,10,50,50,90,10,1.0,0.629733905734068,0.9711607331894823,0.699768907468388,1.0,0.7883363590087797,0.8421228078868773,1.187475259706219,1.2684940743534359,,1.0,,0.7883363590087797,,1.0,95.17694329183956,221.989,False,147.1146867474806,204.5625499999999,98.16078733031674,175.002,False,50.76288757155992,95.59796,95.17694329183956,221.989,False,94.255915466193,178.65422000000007,95.17694329183956,221.989,221.989,94.20976261127596,155.341,freq900,93.47712217718586,139.794,freq900,97.805761589404,215.587,freq900,95.17694329183956,221.989,95.17694329183956,221.989,221.989,94.255915466193,178.65422000000007,175.002,97.27548489666138,186.942
cudaTensorCoreGemm_batch2-cuda_samples,resnet-50_batch2-train,freq900,80,20,80,20,30,70,80,20,40,60,80,20,80,20,80,20,80,20,1.0,0.6264897197962154,1.0,0.707770423944687,1.0,0.7930710971615721,0.9411617540029111,1.0625166139049322,1.2609209988600434,,1.0,,1.0,,1.0,94.7753901560624,175.872,False,150.6487318051067,187.43028,94.7753901560624,175.872,False,56.61231157392477,52.40989000000004,94.7753901560624,175.872,False,95.6913150182653,151.8828300000001,94.7753901560624,175.872,175.872,93.8759785522788,124.477,freq900,94.21213541666664,110.182,freq900,94.7753901560624,175.872,freq900,94.7753901560624,175.872,94.7753901560624,175.872,175.872,95.6913150182653,151.8828300000001,139.479,97.4063708399366,165.524
cudaTensorCoreGemm_batch2-cuda_samples,mobilenet_batch2-train,freq900,90,10,90,10,30,70,80,20,40,60,90,10,90,10,80,20,90,10,1.0,0.5855830052477512,0.9510274620982266,0.6165597860121461,1.0,0.7394037661473933,0.8284262086575758,1.2071081160269557,1.3524410420715376,,1.0,,0.9510274620982266,,1.0,97.69290414878397,205.993,False,147.77462432639018,197.07377,97.36951935914551,195.905,False,54.785272978955184,75.58987500000003,97.69290414878397,205.993,False,94.21072690145394,160.8611800000001,97.69290414878397,205.993,205.993,92.37301717699776,127.007,freq900,93.21851744186048,120.626,freq900,97.36951935914551,195.905,freq900,97.69290414878397,205.993,97.69290414878397,205.993,205.993,94.21072690145394,160.8611800000001,152.31199999999998,96.75856459330146,170.65
resnet-50_batch2-inf,sortingNetworks_batch2-cuda_samples,freq900,40,60,40,60,70,30,50,50,40,60,10,90,20,80,50,50,40,60,1.0,0.8784254884433661,0.9863555101519601,1.0,0.8624824415783424,0.9863555101519601,0.9811135231771164,1.019250042300634,1.013833237314138,,0.9358447197037415,,0.9863555101519601,,1.0,95.3155017301038,146.572,False,154.11357485695828,186.97191000000004,93.89781065088758,154.483,False,54.20821002513193,56.38696999999998,94.36509433962264,156.62,False,85.45783222345011,148.9782700000002,94.36509433962264,156.62,156.62,94.36509433962264,156.62,freq900,94.53846501128668,137.579,freq900,93.89781065088758,154.483,freq900,97.43830188679246,135.082,94.36509433962264,156.62,156.62,85.45783222345011,148.9782700000002,154.483,96.81953736654803,153.66199999999998
resnet-50_batch2-inf,transpose_batch2-cuda_samples,freq900,20,80,10,90,70,30,60,40,40,60,10,90,10,90,20,80,10,90,0.9654669877075149,0.6889632967938158,0.7956295146369282,0.928243014193385,0.9654669877075149,0.847223102268407,0.9701499334685084,0.9951729669822778,1.1395664083315415,,0.9654669877075149,,1.0,,0.9654669877075149,92.99418685121108,487.584,False,161.26958816177196,599.6406800000003,96.85989795918368,505.024,False,55.80029251559713,135.81955999999994,92.99418685121108,487.584,False,91.0069636588997,487.4339900000001,96.85989795918368,505.024,505.024,94.89861027190332,468.785,freq900,96.16641237113404,347.94300000000004,freq900,95.46635467980296,401.812,freq900,92.99418685121108,487.584,92.99418685121108,487.584,487.584,91.0069636588997,487.4339900000001,427.868,93.46295454545454,489.949
mobilenet_v2_1.0_224_batch2-inf,sortingNetworks_batch2-cuda_samples,freq900,20,80,10,90,70,30,50,50,50,50,10,90,20,80,70,30,10,90,0.9758901846287904,0.8177986001482461,0.9172820016635261,0.9172820016635261,0.9758901846287904,0.9172820016635261,1.0000509242756022,0.9758404906587002,1.0638933096462986,,1.0,,0.8177986001482461,,0.9758901846287904,94.68959706959708,176.733,False,150.32092794165533,179.48748000000006,95.47209245742091,144.53199999999998,False,48.227922451143705,86.56965500000005,94.76984732824428,172.472,False,89.62853431821252,154.63175000000015,94.68959706959708,176.733,176.733,93.67914556962026,162.11399999999998,freq900,95.47209245742091,144.53199999999998,freq900,93.67914556962026,162.11399999999998,freq900,94.76984732824428,172.472,94.76984732824428,172.472,172.472,89.62853431821252,154.63175000000015,162.11399999999998,95.55698841698845,176.74200000000002
mobilenet_v2_1.0_224_batch2-inf,reductionMultiBlockCG_batch2-cuda_samples,freq900,10,90,20,80,70,30,50,50,50,50,10,90,10,90,10,90,20,80,0.9636102541325042,0.5889553797582321,0.7995330300229283,0.7995330300229283,1.0,0.7995330300229283,0.9659916209500258,0.9975347955759911,1.2052163174607942,,1.0,,1.0,,0.9636102541325042,99.09801801801802,666.424,False,146.91763309689412,695.7881700000014,99.09801801801802,666.424,False,56.56017388945284,185.3844099999999,97.24291845493563,642.173,False,91.70271106535274,581.487130000001,99.09801801801802,666.424,666.424,97.22307692307692,532.828,freq900,92.45538461538462,392.494,freq900,97.22307692307692,532.828,freq900,99.09801801801802,666.424,97.24291845493563,642.173,642.173,91.70271106535274,581.487130000001,532.828,96.6626267281106,643.76
mobilenet_v2_1.0_224_batch2-inf,transpose_batch2-cuda_samples,freq900,10,90,10,90,70,30,60,40,50,50,10,90,10,90,20,80,10,90,1.0,0.6303167934597479,0.7413525954005118,0.7944344970347014,1.0,0.7944344970347014,1.0140604938379436,0.9861344624670976,1.2587570199086149,,1.0,,0.9483470316444086,,1.0,96.50498098859316,572.455,False,158.2848804449802,624.7296500000004,96.53453571428572,542.886,False,54.079164994274336,165.58966,96.50498098859316,572.455,False,91.19019482885751,523.9870100000004,96.50498098859316,572.455,572.455,93.71457971014492,454.778,freq900,94.88381578947369,360.828,freq900,97.2880474934037,424.391,freq900,96.50498098859316,572.455,96.50498098859316,572.455,572.455,91.19019482885751,523.9870100000004,454.778,96.86347328244275,580.504
sortingNetworks_batch2-cuda_samples,vit-base-patch16-224_batch2-inf,freq900,90,10,50,50,30,70,50,50,50,50,60,40,50,50,50,50,50,50,0.9310134900081173,0.8936840477755016,0.9310134900081173,0.9310134900081173,0.8984384059371497,0.9310134900081173,1.015171427467048,0.9170997772574104,1.0,,0.9310134900081173,,0.9310134900081173,,0.9310134900081173,95.85595132743364,96.345,False,189.61498630290416,149.63667999999998,95.85595132743364,96.345,False,60.25590939715822,33.33617,95.85595132743364,96.345,False,104.38275689478633,115.99203999999996,96.6396739130435,103.484,103.484,95.85595132743364,96.345,freq900,94.31871165644172,92.482,freq900,95.85595132743364,96.345,freq900,94.5928813559322,92.974,95.85595132743364,96.345,96.345,104.38275689478633,115.99203999999996,96.345,94.67237244897962,105.054
bert-base-cased_batch2-train,fastWalshTransform_batch2-cuda_samples,freq900,10,90,10,90,70,30,50,50,50,50,10,90,10,90,10,90,10,90,1.0,0.4484372364944628,0.6525661925909269,0.6525661925909269,1.0,0.6525661925909269,0.646832312102985,1.545995741537392,1.532411594951975,,1.0,,1.0,,1.0,97.42892430278886,71.156,False,154.11427967965454,75.0873399999999,97.42892430278886,71.156,False,58.9084207933575,24.234440000000003,97.42892430278886,71.156,False,93.2439668720546,67.80929000000006,97.42892430278886,71.156,71.156,97.52900692840647,46.434,freq900,95.99038514442915,31.909,freq900,97.52900692840647,46.434,freq900,97.42892430278886,71.156,97.42892430278886,71.156,71.156,93.2439668720546,67.80929000000006,46.434,96.2171198156682,46.026
resnet-50_batch2-train,sortingNetworks_batch2-cuda_samples,freq900,40,60,40,60,70,30,50,50,30,70,20,80,20,80,40,60,40,60,1.0,0.8420379402172287,0.9541904790401246,0.9919960503874807,0.9735196433380211,0.9541904790401246,0.9140510457496784,1.094030803476439,1.0480087801818752,,0.9735196433380211,,1.0,,1.0,96.14314878892736,130.144,False,157.02632716219316,157.80918000000003,96.8412578616352,133.684,False,55.22479385079093,40.982540000000014,96.8412578616352,133.684,False,87.84828598133245,132.53198999999992,96.8412578616352,133.684,133.684,95.41289473684212,132.61399999999998,freq900,95.05614537444936,112.567,freq900,94.22398255813954,127.56,freq900,96.14314878892736,130.144,96.8412578616352,133.684,133.684,87.84828598133245,132.53198999999992,127.56,95.8656834532374,122.194
resnet-50_batch2-train,transpose_batch2-cuda_samples,freq900,20,80,10,90,70,30,60,40,30,70,20,80,10,90,10,90,10,90,0.9589842691382423,0.6398183008334479,0.7468240169774898,0.9190775786230387,1.0,0.8168144692241304,1.0124558572756799,0.9471862523652941,1.17405396852134,,0.9589842691382423,,0.9589842691382423,,0.9589842691382423,91.57140000000004,460.019,False,155.96638240425426,587.5362500000003,91.57140000000004,460.019,False,55.62805736155545,129.12799499999997,91.57140000000004,460.019,False,93.13234358143578,488.5631700000002,98.07182724252492,479.694,479.694,93.54055384615384,440.876,freq900,95.8806490872211,306.917,freq900,94.79462085308056,358.247,freq900,98.07182724252492,479.694,91.57140000000004,460.019,460.019,93.13234358143578,488.5631700000002,391.821,96.54820069204152,485.669
reductionMultiBlockCG_batch2-cuda_samples,vit-base-patch16-224_batch2-inf,freq900,90,10,80,20,30,70,50,50,50,50,60,40,90,10,90,10,80,20,0.9227190303941372,0.4807215671536618,0.5660957391835392,0.5660957391835392,0.6513327382909757,0.5660957391835392,0.9196204256118756,1.003369438842335,1.6299699265091514,,1.0,,1.0,,0.9227190303941372,96.73795180722892,532.1750000000001,False,153.12122840466776,590.2769500000002,96.73795180722892,532.1750000000001,False,57.28279414602893,155.10166500000025,96.5261510791367,491.048,False,92.34438661363453,489.3517700000005,96.73795180722892,532.1750000000001,532.1750000000001,93.99997999999998,301.262,freq900,95.2111214953271,255.828,freq900,93.99997999999998,301.262,freq900,95.35768674698797,346.62300000000005,96.5261510791367,491.048,491.048,92.34438661363453,489.3517700000005,301.262,97.23128113879004,489.399
reductionMultiBlockCG_batch2-cuda_samples,resnet-50_batch2-inf,freq900,90,10,70,30,30,70,50,50,50,50,90,10,70,30,80,20,70,30,0.950255809243661,0.6260121978346684,0.8357973579104983,0.8357973579104983,1.0,0.8357973579104983,1.0237349809595586,0.9282244203016051,1.1369452179405186,,0.950255809243661,,0.9844223624755561,,0.950255809243661,97.09696498054474,572.4359999999999,False,148.8946322811964,605.5615500000005,98.099670781893,593.018,False,57.16096692807554,158.40033000000017,97.09696498054474,572.4359999999999,False,89.55121575223373,498.9073800000003,98.09991341991342,602.402,602.402,94.34812297734628,503.486,freq900,94.10360919540231,377.111,freq900,94.34812297734628,503.486,freq900,98.09991341991342,602.402,97.09696498054474,572.4359999999999,572.4359999999999,89.55121575223373,498.9073800000003,503.486,97.83655021834062,616.7
reductionMultiBlockCG_batch2-cuda_samples,resnet-50_batch2-train,freq900,90,10,70,30,30,70,50,50,50,50,90,10,80,20,90,10,70,30,0.9318082950482235,0.5980753111438849,0.8121023388400231,0.8121023388400231,1.0,0.8121023388400231,1.049195924271522,0.888116579079543,1.147402550741553,,0.9694338047795381,,1.0,,0.9318082950482235,97.45369230769232,548.2090000000001,False,144.72849317186405,599.2051700000003,96.03655737704918,565.4939999999999,False,56.96030139255494,155.50585500000017,95.5510909090909,526.932,False,87.94561775410291,499.1292800000003,96.03655737704918,565.4939999999999,565.4939999999999,94.1891222570533,459.239,freq900,94.3943544857768,338.208,freq900,94.1891222570533,459.239,freq900,96.03655737704918,565.4939999999999,95.5510909090909,526.932,526.932,87.94561775410291,499.1292800000003,459.239,95.76878378378376,593.3140000000001
fastWalshTransform_batch2-cuda_samples,wav2vec2-base-960h_batch2-inf,freq900,90,10,90,10,30,70,50,50,40,60,20,80,40,60,90,10,90,10,1.0,0.5829000656742557,0.7480845008756567,0.6377654334500875,0.5213167688266198,0.7480845008756567,0.6428551882661996,1.5555602851974035,1.3367473845928746,,0.6377654334500875,,1.0,,1.0,94.80941391941391,46.613,False,236.8703255152487,92.10113500000008,97.47578313253013,73.08800000000001,False,59.180329553575895,26.067909999999973,97.47578313253013,73.08800000000001,False,105.4771259798698,90.37658999999996,97.47578313253013,73.08800000000001,73.08800000000001,94.80941391941391,46.613,freq900,96.01284470246732,42.603,freq900,98.2907142857143,54.676,freq900,96.2120523138833,38.102,97.47578313253013,73.08800000000001,73.08800000000001,105.4771259798698,90.37658999999996,54.676,96.73252669039148,46.985
fastWalshTransform_batch2-cuda_samples,vit-base-patch16-224_batch2-inf,freq900,80,20,50,50,30,70,50,50,50,50,60,40,40,60,50,50,50,50,0.9536425378765889,0.9753874731526092,0.9536425378765889,0.9536425378765889,0.9656353398734545,0.9536425378765889,1.0231380971730422,0.9320760711692084,1.0,,0.9498229523422534,,0.9536425378765889,,0.9536425378765889,94.0350221238938,81.813,False,191.34068994725635,133.67707999999996,95.1477260981912,82.142,False,59.73850439602574,34.82367,95.1477260981912,82.142,False,105.50253243558753,119.10738500000012,96.06805243445692,86.135,86.135,95.1477260981912,82.142,freq900,94.96503663003664,84.015,freq900,95.1477260981912,82.142,freq900,96.55677710843374,83.17500000000001,95.1477260981912,82.142,82.142,105.50253243558753,119.10738500000012,82.142,94.40743670886076,88.128
fastWalshTransform_batch2-cuda_samples,resnet-50_batch2-inf,freq900,50,50,60,40,30,70,50,50,50,50,90,10,60,40,60,40,60,40,0.9919166684613673,0.9354194933201243,1.0,1.0,0.7691871442006044,1.0,0.8558137531496995,1.1590333350109887,0.9919166684613673,,0.9919166684613673,,0.9919166684613673,,0.9919166684613673,96.50333333333334,138.173,False,173.89979960043465,152.62888,96.50333333333334,138.173,False,56.289663083804726,59.80738,96.50333333333334,138.173,False,97.91820061671248,155.32274000000015,94.8038111888112,139.299,139.299,94.8038111888112,139.299,freq900,94.53441176470588,130.303,freq900,94.8038111888112,139.299,freq900,95.06246963562754,107.147,96.50333333333334,138.173,138.173,97.91820061671248,155.32274000000015,139.299,96.08164,119.214
fastWalshTransform_batch2-cuda_samples,mobilenet_v2_1.0_224_batch2-inf,freq900,70,30,60,40,30,70,50,50,50,50,90,10,80,20,60,40,60,40,0.9941884150222787,0.8446021642266072,0.9363399108847865,0.9363399108847865,0.9101273074474855,0.9363399108847865,0.8571865054105663,1.1598274223251948,1.061781521288384,,0.9823679185232334,,0.9941884150222787,,0.9941884150222787,98.16743902439026,154.32999999999998,False,161.28932139988513,158.2590000000001,97.33026615969584,156.187,False,53.73488325155511,89.96562,97.33026615969584,156.187,False,87.441311042402,169.38353000000006,96.6284705882353,157.10000000000002,157.10000000000002,94.81194945848377,147.099,freq900,94.81922857142855,132.687,freq900,94.81194945848377,147.099,freq900,98.01514403292182,142.981,97.33026615969584,156.187,156.187,87.441311042402,169.38353000000006,147.099,98.64539748953976,134.664
fastWalshTransform_batch2-cuda_samples,resnet-50_batch2-train,freq900,60,40,60,40,30,70,50,50,50,50,80,20,70,30,60,40,60,40,1.0,0.8957934405302136,0.9933548426584127,0.9933548426584127,0.8992471736222228,0.9933548426584127,0.7917530099939669,1.263020143122184,1.0066896108582948,,0.952067430859761,,1.0,,1.0,93.99317343173432,108.887,False,167.5845390395503,130.1327,95.4500352112676,114.369,False,55.27774152866553,42.31878999999997,95.4500352112676,114.369,False,94.7215463819462,128.17078000000006,95.4500352112676,114.369,114.369,93.81686468646863,113.609,freq900,93.17650632911392,102.451,freq900,93.81686468646863,113.609,freq900,95.36819230769233,102.846,95.4500352112676,114.369,114.369,94.7215463819462,128.17078000000006,113.609,93.33470355731224,90.552
fastWalshTransform_batch2-cuda_samples,mobilenet_batch2-train,freq900,80,20,90,10,30,70,50,50,50,50,90,10,60,40,60,40,90,10,0.9081435854500874,0.7543618341381734,0.9367141597021843,0.9367141597021843,0.9081435854500874,0.9367141597021843,0.7626220341770449,1.190817396759427,0.9694991540843362,,0.9557088821445124,,0.9557088821445124,,0.9081435854500874,96.6445593869732,127.849,False,152.772349754318,138.44915999999992,96.6445593869732,127.849,False,53.55648918821117,62.99054,98.90741666666668,121.486,False,95.16107634966244,142.92638,97.39157894736846,133.774,133.774,95.84212454212457,125.308,freq900,93.75839541547278,100.914,freq900,95.84212454212457,125.308,freq900,98.90741666666668,121.486,98.90741666666668,121.486,121.486,95.16107634966244,142.92638,125.308,98.52,102.019
transpose_batch2-cuda_samples,wav2vec2-base-960h_batch2-inf,freq900,90,10,90,10,30,70,40,60,40,60,20,80,90,10,90,10,90,10,1.0,0.30290220029398024,0.3657410467063958,0.3657410467063958,0.21921582479689156,0.4715215186700243,0.2713392053417805,3.6854239281064967,2.120793983741409,,1.0,,1.0,,1.0,96.07003378378378,438.805,False,168.77031261861893,507.6327800000006,96.07003378378378,438.805,False,56.343678576241565,119.06383999999989,96.07003378378378,438.805,False,90.63927277442292,440.2848,96.07003378378378,438.805,438.805,93.36574468085108,160.489,freq900,95.03777284826975,132.915,freq900,93.36574468085108,160.489,freq900,93.8127192982456,96.193,96.07003378378378,438.805,438.805,90.63927277442292,440.2848,206.906,93.85803723816912,119.065
transpose_batch2-cuda_samples,vit-base-patch16-224_batch2-inf,freq900,90,10,90,10,30,70,40,60,50,50,60,40,90,10,90,10,90,10,1.0,0.49274561954757723,0.5330261039205605,0.6030435178190944,0.6787167459073107,0.6030435178190944,0.647477523798642,1.5444551559615038,1.6582551183312573,,1.0,,1.0,,1.0,96.74343971631208,472.611,False,162.87861897764122,526.4495500000005,96.74343971631208,472.611,False,56.234723988130526,123.80618999999987,96.74343971631208,472.611,False,90.10968473245256,443.57602,96.74343971631208,472.611,472.611,95.28398510242086,285.005,freq900,94.6239423076923,232.877,freq900,93.895968503937,251.914,freq900,95.9283736263736,320.769,96.74343971631208,472.611,472.611,90.10968473245256,443.57602,285.005,92.5603777335984,306.005
mobilenet_batch2-train,sortingNetworks_batch2-cuda_samples,freq900,20,80,10,90,70,30,50,50,50,50,20,80,20,80,50,50,10,90,0.9683742075942882,0.7883140167765895,0.8929179740026894,0.8929179740026894,1.0,0.8929179740026894,0.9308638022667605,1.0402963411362496,1.0845052242070463,,1.0,,0.8929179740026894,,0.9683742075942882,96.48405204460968,156.17000000000002,False,151.64481989844404,162.30901000000014,95.9778064516129,139.447,False,52.033628123673786,63.08795000000005,95.75781609195404,151.231,False,89.88462090151455,145.42715000000015,96.48405204460968,156.17000000000002,156.17000000000002,95.9778064516129,139.447,freq900,95.58484184914842,123.111,freq900,95.9778064516129,139.447,freq900,96.48405204460968,156.17000000000002,95.75781609195404,151.231,151.231,89.88462090151455,145.42715000000015,139.447,96.50191406250002,145.373
mobilenet_batch2-train,reductionMultiBlockCG_batch2-cuda_samples,freq900,10,90,10,90,70,30,50,50,50,50,10,90,10,90,10,90,10,90,1.0,0.5855756262230157,0.812102690439623,0.812102690439623,1.0,0.812102690439623,0.9655224567120663,1.0357086912357705,1.2313713669125523,,1.0,,1.0,,1.0,95.81807174887888,641.3449999999999,False,144.20835845976535,696.4515599999999,95.81807174887888,641.3449999999999,False,56.49215108996986,183.92018000000004,95.81807174887888,641.3449999999999,False,91.8920956731048,612.5257900000003,95.81807174887888,641.3449999999999,641.3449999999999,96.96883392226148,520.838,freq900,92.23234718826406,375.556,freq900,96.96883392226148,520.838,freq900,95.81807174887888,641.3449999999999,95.81807174887888,641.3449999999999,641.3449999999999,91.8920956731048,612.5257900000003,520.838,96.27605633802816,619.2330000000001
mobilenet_batch2-train,transpose_batch2-cuda_samples,freq900,10,90,10,90,70,30,60,40,40,60,10,90,10,90,20,80,10,90,1.0,0.6298251155216136,0.7329373983309385,0.8616369654557968,1.0,0.7883238731279656,0.9841254771941803,1.0161305881960085,1.2685141654179917,,1.0,,0.9473557371931214,,1.0,95.69235741444864,547.7330000000001,False,158.35755740672354,622.69119,95.49886925795052,518.898,False,54.68854145722794,145.9407100000001,95.69235741444864,547.7330000000001,False,91.41761728766802,513.3200400000001,95.69235741444864,547.7330000000001,547.7330000000001,93.91006389776358,471.947,freq900,94.29531728665206,344.976,freq900,96.74538258575198,401.454,freq900,95.69235741444864,547.7330000000001,95.69235741444864,547.7330000000001,547.7330000000001,91.41761728766802,513.3200400000001,431.791,94.90841509433962,539.038
bert-base-cased_batch2-inf,cudaTensorCoreGemm_batch2-cuda_samples,freq900,10,90,10,90,70,30,20,80,60,40,90,10,10,90,10,90,10,90,1.0,0.4365850749828568,0.9312408693837393,0.48005426194806367,0.3450851197042426,0.5834128380191408,1.1289317551653202,0.8857931362321902,1.7140520997023239,,1.0,,1.0,,1.0,92.82083854818522,134.164,False,162.87414221783732,167.0278899999999,92.82083854818522,134.164,False,52.65670992003639,43.948865000000005,92.82083854818522,134.164,False,81.41497058109013,117.18026999999996,92.82083854818522,134.164,134.164,94.46369683751364,64.406,freq900,97.08447137150468,58.574,freq900,94.5818599562363,124.939,freq900,95.162288647343,46.298,92.82083854818522,134.164,134.164,81.41497058109013,117.18026999999996,78.273,94.30356932153391,151.462
bert-base-cased_batch2-inf,sortingNetworks_batch2-cuda_samples,freq900,10,90,20,80,70,30,50,50,50,50,90,10,30,70,10,90,50,50,0.9685065473230564,0.6288966241228797,0.6969335322393503,0.6969335322393503,0.49698878391071327,0.6969335322393503,0.5786507541853141,1.6737324548839874,1.3896684583551346,,0.8665893143267585,,1.0,,0.6969335322393503,96.74727034120734,78.42200000000001,False,193.9348476134792,116.28498000000016,95.33352739726028,90.495,False,57.19996061616438,28.763560000000027,93.98203266787658,63.069,False,112.73006204507772,92.28514999999994,95.33352739726028,90.495,90.495,93.98203266787658,63.069,freq900,99.07717575757576,56.912000000000006,freq900,93.98203266787658,63.069,freq900,95.18086307053942,44.975,98.10797507788162,87.645,87.645,98.92831317760438,91.99884,63.069,95.12231991525422,52.365
bert-base-cased_batch2-inf,fastWalshTransform_batch2-cuda_samples,freq900,10,90,50,50,70,30,50,50,50,50,90,10,70,30,10,90,50,50,0.7103859555079067,0.6921200750469043,0.7103859555079067,0.7103859555079067,0.5642455105869739,0.7103859555079067,0.6490753149289734,1.0944584382871536,1.0,,0.6921200750469043,,1.0,,0.7103859555079067,99.25469064748202,51.646,False,235.03989685879932,104.96055000000004,97.27040160642572,74.62,False,58.86031496025801,25.26845,93.03632016632017,53.009,False,109.66395221373652,84.61656999999994,97.27040160642572,74.62,74.62,93.03632016632017,53.009,freq900,99.25469064748202,51.646,freq900,93.03632016632017,53.009,freq900,95.20540009144948,42.104,93.03632016632017,53.009,53.009,109.66395221373652,84.61656999999994,53.009,92.69302066772654,48.434
bert-base-cased_batch2-inf,transpose_batch2-cuda_samples,freq900,10,90,10,90,70,30,50,50,50,50,90,10,10,90,10,90,10,90,1.0,0.2878797705442306,0.4363998255599414,0.4363998255599414,0.15257466817251675,0.4363998255599414,0.24109181585391765,4.1477973711306735,2.291476626318325,,1.0,,1.0,,1.0,97.196198630137,447.145,False,173.82879091217012,538.6991299999994,97.196198630137,447.145,False,56.56032660164802,127.11040999999982,97.196198630137,447.145,False,97.24918824653555,450.06940000000026,97.196198630137,447.145,447.145,94.89631935047362,195.134,freq900,95.69607395751376,128.724,freq900,94.89631935047362,195.134,freq900,93.67464866282118,68.223,97.196198630137,447.145,447.145,97.24918824653555,450.06940000000026,195.134,94.9768359853121,107.803
albert-base-v2_batch2-train,mobilenet_batch2-train,freq900,70,30,60,40,30,70,60,40,60,40,90,10,80,20,10,90,80,20,0.9803590425531914,0.9510638297872339,0.9803590425531914,0.9803590425531914,0.895,0.9971276595744681,0.661875,1.4811845779840476,0.9831830790568653,,0.9756382978723404,,0.9162898936170213,,0.9756382978723404,93.4135175879397,73.368,False,240.68205770351972,83.46935000000003,94.48613065326631,68.905,False,44.84247261271077,51.99885500000007,93.4135175879397,73.368,False,112.86848497577232,76.79069,96.72239530988276,75.2,75.2,95.53790619765492,73.723,freq900,93.50494156928217,71.52,freq900,95.53790619765492,73.723,freq900,94.45450586264656,67.304,95.53790619765492,73.723,73.723,97.90135349305126,72.40110000000008,74.98400000000001,94.3727048143672,49.773
mobilenet_batch2-train,wav2vec2-base-960h_batch2-inf,freq900,30,70,20,80,70,30,60,40,20,80,20,80,10,90,50,50,10,90,0.9967012528220666,0.9287844935487267,0.9640179208534632,0.9967012528220666,0.9967012528220666,0.9761835132827213,0.6540409652929685,1.5239125769065676,1.0210183221291538,,0.9526828640612024,,0.9761835132827213,,0.9526828640612024,96.46829145728644,81.44200000000001,False,245.38615394839013,110.20740000000016,96.0431404937878,83.451,False,54.23998643545244,53.64388500000004,96.46829145728644,81.44200000000001,False,110.68489161719413,93.45282999999996,94.55417259858868,85.487,85.487,94.80445851964328,85.205,freq900,93.1335987114202,79.399,freq900,95.42913444031754,82.411,freq900,94.80445851964328,85.205,94.80445851964328,85.205,85.205,108.77486124307649,91.72091,83.451,94.0846321070234,55.912
mobilenet_batch2-train,resnet-50_batch2-inf,freq900,50,50,20,80,60,40,60,40,50,50,90,10,30,70,50,50,20,80,0.9698870765370139,0.9896157552146515,0.9896157552146515,1.0,0.8570329342770194,1.0,0.9748573726058354,0.9949015146128138,0.9698870765370139,,0.9869884996915227,,1.0,,0.9698870765370139,84.84454849498327,142.38,False,84.69408754896371,137.48329,85.18145242070118,144.257,False,47.5956165112606,87.76489999999998,84.5092474916388,139.913,False,57.17158981101389,139.55399999999986,85.18145242070118,144.257,144.257,85.18145242070118,144.257,freq900,84.6425585284281,142.759,freq900,84.6425585284281,142.759,freq900,82.14968280467447,123.633,84.5092474916388,139.913,139.913,57.17158981101389,139.55399999999986,144.257,84.82802908693978,140.63
mobilenet_batch2-train,whisper-large-v2_batch2-inf,freq900,60,40,60,40,70,30,50,50,40,60,10,90,50,50,90,10,60,40,1.0,0.9362167998920202,0.9495793278243527,0.9490994166079276,0.8415543124521965,0.9495793278243527,0.27150977069242194,3.683108705258506,1.053097904196345,,0.9495793278243527,,0.9412858621155088,,1.0,92.33864093959733,63.317,False,194.2650984605606,64.10287499999998,92.77167504187604,62.764,False,45.876785608709305,52.50671000000003,94.07192953020132,66.67899999999999,False,85.13186834886535,63.59731000000004,94.07192953020132,66.67899999999999,66.67899999999999,93.87234505862646,63.285,freq900,94.93672787979966,62.426,freq900,92.33864093959733,63.317,freq900,94.89686241610738,56.114,94.07192953020132,66.67899999999999,66.67899999999999,85.13186834886535,63.59731000000004,63.317,94.19412751677852,18.104
mobilenet_batch2-train,vit_h_14_batch2-train,freq900,60,40,80,20,20,80,20,80,40,60,10,90,50,50,90,10,80,20,0.7882683192465217,0.9103557239496249,0.9103557239496249,0.9802733506158825,0.8482152444355816,0.9997699068889877,0.46909849519105395,1.6803897845067197,0.7884497360991776,,0.9997699068889877,,0.8554861867435689,,0.7882683192465217,94.82264214046825,65.176,False,193.00211251502245,67.78479000000003,93.0192642140468,55.77,False,45.8557420812156,52.51469000000004,92.26866444073454,51.388,False,65.37526907278946,63.19945999999999,93.56509789751432,65.191,65.191,95.20096828046744,63.905,freq900,95.26440734557596,59.347,freq900,95.26440734557596,59.347,freq900,95.30104201680672,55.296,92.26866444073454,51.388,51.388,65.37526907278946,63.19945999999999,65.176,97.60592964824122,30.581
wav2vec2-base-960h_batch2-inf,wav2vec2-base-960h_batch2-inf,freq300,10,90,40,60,70,30,70,30,50,50,10,90,50,50,40,60,40,60,0.9268969994229659,0.9311886901327178,0.9311886901327178,0.933100115406809,1.0,0.933100115406809,0.9407818811309866,0.9852411255079354,0.993352143160824,,0.933100115406809,,0.9268969994229659,,0.9268969994229659,96.66527638190956,25.873,False,261.34728153636735,62.40524000000005,95.4448154362416,25.701,False,63.53669741929968,10.301635000000012,95.4448154362416,25.701,False,128.28755630761535,40.59532,95.3541541038526,27.728,27.728,96.66527638190956,25.873,freq300,95.18199664429532,25.82,freq300,95.18199664429532,25.82,freq300,95.3541541038526,27.728,95.4448154362416,25.701,25.701,63.53669741929968,10.301635000000012,25.873,96.49038590604027,26.086
wav2vec2-base-960h_batch2-inf,whisper-large-v2_batch2-inf,freq300,90,10,90,10,30,70,30,70,60,40,90,10,90,10,90,10,90,10,1.0,0.3924322538003966,0.3924322538003966,0.6523050231328487,1.0,0.5742729676140119,0.4413003965631197,2.2660301413460635,1.7413321824197956,,1.0,,1.0,,1.0,94.36327731092436,24.208,False,241.40567358848855,50.69076,94.36327731092436,24.208,False,61.50280102325744,8.796000000000014,94.36327731092436,24.208,False,122.15007302531887,33.81802999999997,94.36327731092436,24.208,24.208,94.71524288107204,15.791,freq300,95.03110552763818,9.5,freq300,95.03110552763818,9.5,freq300,94.36327731092436,24.208,94.36327731092436,24.208,24.208,61.50280102325744,8.796000000000014,13.902,95.02608040201004,10.683000000000002
vit-base-patch16-224_batch2-inf,wav2vec2-base-960h_batch2-inf,freq900,90,10,70,30,30,70,50,50,40,60,40,60,60,40,90,10,70,30,0.8496766512433368,0.6083556565738562,0.7243418026354953,0.6618773168817815,0.6618773168817815,0.7243418026354953,0.6495792407392375,1.30804157207423,1.1730327424867852,,0.7779446383635036,,1.0,,0.8496766512433368,94.78460636515914,57.501000000000005,False,218.81391730416289,105.56336000000006,92.85882747068676,73.914,False,57.30622980128869,26.72297,94.08597989949747,62.803,False,101.45700052131342,82.44490000000008,92.85882747068676,73.914,73.914,95.29604690117256,48.922,freq900,94.9405201342282,44.966,freq900,95.0811055276382,53.539,freq900,95.29604690117256,48.922,94.08597989949747,62.803,62.803,101.45700052131342,82.44490000000008,53.539,98.11139028475712,48.013
vit-base-patch16-224_batch2-inf,vit-base-patch16-224_batch2-inf,freq900,20,80,50,50,70,30,50,50,50,50,60,40,50,50,50,50,50,50,0.9926482460200423,0.9839940583188916,0.9926482460200423,0.9926482460200423,0.9359547054454646,0.9926482460200423,1.324542802708201,0.7494270807937978,1.0,,0.9926482460200423,,0.9926482460200423,,0.9926482460200423,95.6270351758794,92.22,False,176.08042112001792,133.88224,95.6270351758794,92.22,False,60.31225783992409,35.38206,95.6270351758794,92.22,False,98.28803741628442,106.32957499999996,93.43409698996656,92.903,92.903,95.6270351758794,92.22,freq900,94.04207705192628,91.416,freq900,95.6270351758794,92.22,freq900,94.02038525963148,86.953,95.6270351758794,92.22,92.22,98.28803741628442,106.32957499999996,92.22,97.7045728643216,123.054
vit-base-patch16-224_batch2-inf,whisper-large-v2_batch2-inf,freq900,90,10,80,20,30,70,50,50,50,50,40,60,90,10,90,10,80,20,0.8792520739147609,0.397401571347057,0.5707471945456407,0.5707471945456407,0.4595531756133959,0.5707471945456407,0.260501250932713,3.3752316764953663,1.5405280697257113,,1.0,,1.0,,0.8792520739147609,92.8178093645485,68.349,False,160.5819400334867,87.40640000000003,92.8178093645485,68.349,False,57.570782588322615,25.335610000000035,93.42492462311556,60.096,False,97.04034170219926,71.87042000000007,92.8178093645485,68.349,68.349,93.54073949579832,39.01,freq900,94.63299159663866,27.162,freq900,93.54073949579832,39.01,freq900,94.0101669449082,31.41,93.42492462311556,60.096,60.096,97.04034170219926,71.87042000000007,39.01,94.20956521739132,17.805
vit-base-patch16-224_batch2-inf,vit_h_14_batch2-train,freq900,90,10,90,10,30,70,50,50,50,50,40,60,90,10,90,10,90,10,1.0,0.37616371358702644,0.5657042344158908,0.5657042344158908,0.47114848341842197,0.5657042344158908,0.3889198735824502,2.571223709369025,1.7677081753374793,,1.0,,1.0,,1.0,93.50628571428572,69.927,False,160.79938377114487,87.58748000000001,93.50628571428572,69.927,False,57.42456478941747,25.47354000000003,93.50628571428572,69.927,False,91.47122306144828,72.06411000000004,93.50628571428572,69.927,69.927,94.2713567839196,39.558,freq900,93.86956375838923,26.304,freq900,94.2713567839196,39.558,freq900,96.2073701842546,32.946,93.50628571428572,69.927,69.927,91.47122306144828,72.06411000000004,39.558,94.85222408026756,27.196
resnet-50_batch2-inf,wav2vec2-base-960h_batch2-inf,freq900,60,40,40,60,20,80,40,60,30,70,20,80,20,80,90,10,40,60,0.941000911376178,0.7568628629230137,0.941000911376178,0.8393373994732045,0.7568628629230137,0.9867299622429869,0.701008522869533,1.3423530252160867,0.9536559619991067,,0.7568628629230137,,0.8973850514276557,,0.941000911376178,95.10215719063544,75.572,False,241.74149862011836,125.99179999999998,93.49469899665552,89.603,False,49.80585854781029,49.89313,95.21036850921271,93.958,False,100.90946575739672,104.27916000000003,94.64222780569514,99.849,99.849,94.20497487437186,83.807,freq900,95.10215719063544,75.572,freq900,95.21036850921271,93.958,freq900,95.10215719063544,75.572,95.21036850921271,93.958,93.958,100.90946575739672,104.27916000000003,98.524,96.04909698996656,69.995
resnet-50_batch2-inf,vit-base-patch16-224_batch2-inf,freq900,20,80,40,60,20,80,40,60,40,60,60,40,30,70,40,60,40,60,0.9899111252641635,1.0,0.9899111252641635,0.9899111252641635,0.9368106418087602,0.9589207654228065,1.0369611788206003,0.9546269865088394,1.0323179567685061,,0.9979590655125495,,0.9899111252641635,,0.9899111252641635,93.30382943143812,137.89,False,151.4601848265217,155.02726999999987,93.70342809364548,136.778,False,56.56352162887021,58.13318000000001,93.70342809364548,136.778,False,81.35306060730233,135.4978800000001,93.63272120200334,138.172,138.172,93.70342809364548,136.778,freq900,93.63272120200334,138.172,freq900,93.70342809364548,136.778,freq900,92.19709030100334,129.441,93.70342809364548,136.778,136.778,81.35306060730233,135.4978800000001,132.496,95.90779264214046,143.279
resnet-50_batch2-inf,resnet-50_batch2-inf,freq1530,50,50,30,70,70,30,70,30,70,30,90,10,30,70,40,60,40,60,0.9553768497015527,0.983974051398192,0.983974051398192,0.983974051398192,0.8634051782047099,1.0,0.9774357202720254,0.9774318964275895,0.9553768497015527,,0.9553768497015527,,0.9475334113838615,,0.9475334113838615,93.32418060200668,149.334,False,97.92502471848788,159.62683000000007,93.0179431438127,148.108,False,50.77901141899349,81.11033999999995,93.0179431438127,148.108,False,62.81374762218129,155.62000500000008,93.85404682274248,156.309,156.309,93.56908026755852,153.804,freq1530,93.56908026755852,153.804,freq1530,93.56908026755852,153.804,freq1530,92.1666220735786,134.958,93.32418060200668,149.334,149.334,97.92502471848788,159.62683000000007,156.309,94.31611390284758,152.782
resnet-50_batch2-inf,resnet-50_batch2-train,freq1530,80,20,70,30,20,80,30,70,30,70,10,90,70,30,60,40,60,40,0.9784665674770407,0.9430441442696003,0.977550407141653,0.977550407141653,0.8246175946760089,0.9912415071936908,0.9590879440629144,1.0202052622328188,0.9871121824258375,,0.9784665674770407,,0.9940999274401012,,0.9940999274401012,93.889816360601,133.50099999999998,False,95.71209218080124,138.59639000000007,93.27375626043406,135.634,False,49.40815499313171,63.60564999999993,93.27375626043406,135.634,False,62.68500504745079,134.89819000000017,94.52026711185307,136.43900000000002,136.43900000000002,93.6352754590985,133.376,freq1530,93.77909849749582,128.668,freq1530,93.6352754590985,133.376,freq1530,92.84234113712375,112.51,93.889816360601,133.50099999999998,133.50099999999998,95.71209218080124,138.59639000000007,135.244,92.63122073578596,130.857
resnet-50_batch2-inf,whisper-large-v2_batch2-inf,freq900,70,30,60,40,40,60,40,60,40,60,10,90,70,30,90,10,60,40,0.9900725786268457,0.8731602092743329,0.8731602092743329,0.8731602092743329,0.431229069587291,0.938349879035622,0.3105149626380961,3.188485895221646,1.0551209103840684,,1.0,,0.9980335840017163,,0.9900725786268457,93.81262981574538,83.90899999999999,False,164.13903050095564,88.28936999999995,93.36838063439065,83.744,False,49.9756894920637,49.63825,93.8193120805369,83.076,False,91.74348577679515,89.73864000000003,93.81262981574538,83.90899999999999,83.90899999999999,94.39857621440537,73.26599999999999,freq900,94.39857621440537,73.26599999999999,freq900,94.39857621440537,73.26599999999999,freq900,94.21406722689076,36.184,93.8193120805369,83.076,83.076,91.74348577679515,89.73864000000003,78.73599999999999,95.07926298157454,26.055
resnet-50_batch2-inf,vit_h_14_batch2-train,freq900,70,30,70,30,30,70,40,60,40,60,10,90,80,20,90,10,70,30,1.0,0.7304722845693737,0.8739791061964579,0.8739791061964579,0.41640715888926755,0.9432764962337098,0.4886776267083446,2.0463388240952267,1.060134545907562,,0.9946179066242054,,0.9761448699719144,,1.0,94.3043143812709,84.63900000000001,False,131.64634216985544,90.00158000000002,93.67309364548495,83.06700000000001,False,49.870625515139096,49.67650999999998,94.20740368509212,85.09700000000001,False,81.83083067295779,87.80323000000003,94.20740368509212,85.09700000000001,85.09700000000001,94.93495812395312,74.37299999999999,freq900,95.64338358458964,62.161,freq900,94.93495812395312,74.37299999999999,freq900,95.73485762144054,35.435,94.20740368509212,85.09700000000001,85.09700000000001,81.83083067295779,87.80323000000003,80.27000000000001,95.59596314907871,41.585
mobilenet_v2_1.0_224_batch2-inf,wav2vec2-base-960h_batch2-inf,freq900,30,70,20,80,30,70,30,70,30,70,20,80,20,80,80,20,10,90,0.9942016687880074,1.0,1.0,1.0,0.9942016687880074,0.986461132324518,0.8354028190260689,1.1900865620097736,1.007846772883235,,0.9942016687880074,,0.9044265309008627,,0.9088954886154718,94.64147157190637,105.45,False,238.59346552280485,133.07119499999996,93.56998327759196,95.928,False,47.05924476708735,80.13428499999993,94.9063149078727,96.40200000000002,False,111.97406487847262,116.10138000000002,95.81276381909548,106.065,106.065,95.81276381909548,106.065,freq900,95.81276381909548,106.065,freq900,95.81276381909548,106.065,freq900,94.64147157190637,105.45,94.64147157190637,105.45,105.45,109.50605765884136,114.81484000000002,104.629,95.53240802675585,88.607
mobilenet_v2_1.0_224_batch2-inf,vit-base-patch16-224_batch2-inf,freq900,20,80,10,90,60,40,60,40,50,50,10,90,20,80,50,50,10,90,0.9882804263394527,0.8901910637400607,0.8901910637400607,0.9439460205823736,0.9882804263394527,0.9439460205823736,1.0606656282521305,0.931754928240711,1.0469670985314676,,1.0,,0.9439460205823736,,0.9882804263394527,94.77710702341138,147.019,False,147.59594801945894,159.808655,92.10841137123748,138.778,False,51.89778029356313,88.84648000000001,94.15060200668896,145.296,False,81.84342664713283,143.797055,94.77710702341138,147.019,147.019,92.10841137123748,138.778,freq900,91.46366220735786,130.875,freq900,91.46366220735786,130.875,freq900,94.15060200668896,145.296,94.15060200668896,145.296,145.296,81.84342664713283,143.797055,138.778,92.31739130434784,155.938
mobilenet_v2_1.0_224_batch2-inf,resnet-50_batch2-inf,freq1530,60,40,20,80,50,50,50,50,20,80,10,90,20,80,50,50,40,60,0.9853361968030151,0.9472115607370719,0.9472115607370719,0.9853361968030151,0.9555828266953847,0.9472115607370719,0.9589701527114259,1.0274941237921127,1.040249335677741,,0.9853361968030151,,0.9472115607370719,,0.9954105176159737,84.05098662207358,157.37099999999998,False,85.85226535259766,163.96455999999992,83.89658862876254,151.28199999999998,False,46.96027477776105,109.44252500000002,84.21397993311037,158.98000000000002,False,56.98886857382633,162.58217500000012,84.55403010033444,159.71300000000002,159.71300000000002,84.05098662207358,157.37099999999998,freq1530,83.89658862876254,151.28199999999998,freq1530,83.89658862876254,151.28199999999998,freq1530,84.3092474916388,152.619,84.05098662207358,157.37099999999998,157.37099999999998,85.85226535259766,163.96455999999992,151.28199999999998,84.30712374581941,153.16
mobilenet_v2_1.0_224_batch2-inf,mobilenet_v2_1.0_224_batch2-inf,freq900,50,50,40,60,90,10,90,10,50,50,90,10,30,70,50,50,40,60,0.9462892282927872,0.983909404729717,0.983909404729717,1.0,0.983909404729717,1.0,0.9457484736256342,1.0005717742954212,0.9462892282927872,,0.9700887214924827,,1.0,,0.9462892282927872,72.81821070234113,154.27999999999997,False,74.94777277878237,165.36452499999993,73.00209030100335,159.037,False,44.05744529639557,134.86259999999996,72.58964882943144,150.495,False,50.660137772498366,170.45935500000033,73.00209030100335,159.037,159.037,73.00209030100335,159.037,freq900,73.31702341137124,156.478,freq900,73.31702341137124,156.478,freq900,73.31702341137124,156.478,72.58964882943144,150.495,150.495,50.660137772498366,170.45935500000033,159.037,73.23056951423786,150.409
mobilenet_v2_1.0_224_batch2-inf,resnet-50_batch2-train,freq900,50,50,60,40,20,80,20,80,60,40,10,90,70,30,50,50,60,40,0.9604536264487287,0.9696016174502377,0.9696016174502377,0.9604536264487287,0.9658285161033119,1.0,0.9761796281003504,0.983890258310118,0.9604536264487287,,0.9500384429193838,,1.0,,0.9604536264487287,83.62314381270903,133.45,False,84.68516013009582,139.10356,84.75501672240803,140.468,False,46.43474657492166,95.08933499999992,83.60518394648828,134.913,False,57.30625406031854,143.11400000000012,84.75501672240803,140.468,140.468,83.60518394648828,134.913,freq900,84.53005008347246,136.19799999999998,freq900,84.53005008347246,136.19799999999998,freq900,83.90292642140467,135.668,83.60518394648828,134.913,134.913,57.30625406031854,143.11400000000012,140.468,84.23827470686767,137.122
mobilenet_v2_1.0_224_batch2-inf,whisper-large-v2_batch2-inf,freq900,50,50,60,40,20,80,20,80,50,50,10,90,20,80,90,10,60,40,0.9873258034851092,0.9862057582117003,0.9862057582117003,1.0,0.8181282274988799,1.0,0.41517130797708035,2.3781166581473276,0.9873258034851092,,0.9862057582117003,,0.9987738451743734,,0.9873258034851092,93.539364548495,83.648,False,250.62436883530816,91.16078999999996,91.37780201342282,84.714,False,45.3680191621556,78.09295500000005,93.64365159128975,83.743,False,84.78986625347851,88.885755,93.37088777219432,84.818,84.818,93.37088777219432,84.818,freq900,93.539364548495,83.648,freq900,93.539364548495,83.648,freq900,94.1032998324958,69.392,93.64365159128975,83.743,83.743,84.78986625347851,88.885755,84.818,93.18589614740368,35.214
mobilenet_v2_1.0_224_batch2-inf,vit_h_14_batch2-train,freq900,50,50,60,40,50,50,50,50,50,50,10,90,60,40,90,10,60,40,0.9824643202365385,1.0,1.0,1.0,0.7799169841360096,1.0,0.6714505032126002,1.4631969378768377,0.9824643202365385,,0.9824643202365385,,0.9577301415818504,,0.9824643202365385,94.18068676716918,86.393,False,164.20757234156076,92.90735999999998,94.23894824707848,84.218,False,45.23383473687674,78.36286500000001,94.18068676716918,86.393,False,81.13503083588074,90.43274000000002,94.56574539363484,87.93499999999999,87.93499999999999,94.56574539363484,87.93499999999999,freq900,94.56574539363484,87.93499999999999,freq900,94.56574539363484,87.93499999999999,freq900,94.79150753768845,68.582,94.18068676716918,86.393,86.393,81.13503083588074,90.43274000000002,87.93499999999999,95.23273031825796,59.044
bert-base-cased_batch2-train,wav2vec2-base-960h_batch2-inf,freq300,10,90,10,90,70,30,70,30,40,60,10,90,10,90,10,90,10,90,1.0,0.6138035147480065,0.6138035147480065,0.7669350468375009,1.0,0.7180072772315553,0.7719671750406442,1.295391866820438,1.392743544126368,,1.0,,1.0,,1.0,95.87367449664433,25.834,False,259.902432293978,55.52220999999994,95.87367449664433,25.834,False,60.97551351068656,9.77074000000001,95.87367449664433,25.834,False,119.3018304925468,37.17390999999996,95.87367449664433,25.834,25.834,96.29217755443888,19.813,freq300,95.01311557788944,15.857,freq300,95.01311557788944,15.857,freq300,95.87367449664433,25.834,95.87367449664433,25.834,25.834,60.97551351068656,9.77074000000001,18.549,95.04496655518396,19.943
bert-base-cased_batch2-train,vit-base-patch16-224_batch2-inf,freq900,10,90,20,80,70,30,50,50,50,50,60,40,20,80,10,90,20,80,0.90583861195263,0.4572018727623244,0.6116772239052602,0.6116772239052602,0.5252960616909942,0.6116772239052602,0.5765491600110162,1.571138551195395,1.4809095002251236,,0.90583861195263,,1.0,,0.90583861195263,94.4375879396985,65.782,False,195.4682242168024,89.9249099999999,95.05577889447235,72.62,False,57.75676300516411,27.211580000000044,94.4375879396985,65.782,False,97.27848751809884,72.03168,95.05577889447235,72.62,72.62,93.59035175879396,44.42,freq900,94.89524288107202,33.202,freq900,93.59035175879396,44.42,freq900,92.51643216080402,38.147,94.4375879396985,65.782,65.782,97.27848751809884,72.03168,44.42,95.4103361344538,41.869
bert-base-cased_batch2-train,resnet-50_batch2-inf,freq900,40,60,60,40,60,40,60,40,60,40,90,10,70,30,10,90,60,40,0.9141749236548982,0.9141749236548982,0.9141749236548982,0.9141749236548982,0.49188215392051315,0.975207065492014,0.6486807127007492,1.4092833434938696,0.9374162226702862,,0.7796757255530901,,0.9652437550805194,,0.9141749236548982,95.84726968174203,70.977,False,235.16615344742732,102.11754,93.53426421404684,87.87,False,49.25570477808046,52.06067999999994,94.90228187919462,83.221,False,102.88980538703083,93.53233999999992,95.6470116861436,91.034,91.034,94.90228187919462,83.221,freq900,94.90228187919462,83.221,freq900,94.90228187919462,83.221,freq900,94.81557046979866,44.778,94.90228187919462,83.221,83.221,102.88980538703083,93.53233999999992,88.777,93.61993277310924,59.05200000000001
bert-base-cased_batch2-train,mobilenet_v2_1.0_224_batch2-inf,freq900,80,20,80,20,80,20,80,20,50,50,90,10,80,20,20,80,80,20,1.0,1.0,1.0,0.9857917931235188,0.851110048642581,0.9857917931235188,0.8353531783977052,1.197098455910714,1.0144129896146346,,1.0,,0.9476572568910323,,1.0,95.47085570469798,96.212,False,235.80053685047667,110.46695499999994,93.32057046979864,91.176,False,47.76806976709465,80.72270999999982,95.47085570469798,96.212,False,107.94441868090088,99.87161000000008,95.47085570469798,96.212,96.212,93.26314381270905,94.845,freq900,95.47085570469798,96.212,freq900,95.47085570469798,96.212,freq900,94.7129075630252,81.887,95.47085570469798,96.212,96.212,107.94441868090088,99.87161000000008,94.845,95.39649916247906,80.37100000000001
bert-base-cased_batch2-train,bert-base-cased_batch2-train,freq300,10,90,40,60,70,30,70,30,50,50,10,90,50,50,40,60,50,50,0.9613359657782165,0.9568937150378414,0.9568937150378414,0.9851924975320829,1.0,0.9851924975320829,0.9744159262915433,0.9865766146053186,0.9757849031396125,,0.9851924975320829,,0.9613359657782165,,0.9851924975320829,94.89818487394956,11.976,False,266.84774709747234,28.53948500000001,94.604756302521,11.686,False,63.07964829948889,5.17489,94.89818487394956,11.976,False,124.11389320710664,19.899395000000013,94.9936744966443,12.156,12.156,94.89818487394956,11.976,freq300,95.4566218487395,11.632,freq300,95.4566218487395,11.632,freq300,94.9936744966443,12.156,94.604756302521,11.686,11.686,63.07964829948889,5.17489,11.976,94.36956302521008,11.845
bert-base-cased_batch2-train,resnet-50_batch2-train,freq900,40,60,60,40,30,70,50,50,60,40,80,20,60,40,10,90,60,40,0.9774961160419007,0.8393964098383351,0.9901862761686485,0.9774961160419007,0.719401332082263,0.9901862761686485,0.5626278629770347,1.7373759466331302,0.9871840678545353,,0.9774961160419007,,0.9440094753195614,,0.9774961160419007,96.86517587939696,63.548,False,209.57511005806623,73.89773999999993,93.41704697986576,61.371,False,48.29961245934233,28.57226999999997,96.86517587939696,63.548,False,101.86593005446068,65.52461000000001,94.21949916527548,65.011,65.011,96.86517587939696,63.548,freq900,94.15731218697827,54.57,freq900,95.7453589315526,64.373,freq900,94.7726218487395,46.769,96.86517587939696,63.548,63.548,101.86593005446068,65.52461000000001,64.373,95.35529411764703,36.577
bert-base-cased_batch2-train,whisper-large-v2_batch2-inf,freq300,90,10,90,10,70,30,40,60,50,50,10,90,90,10,90,10,90,10,1.0,0.788010747706847,0.540998795515612,0.6460668952098584,0.2615584174928195,0.6460668952098584,0.43250254794774395,2.3121251071122533,1.5478273340025812,,1.0,,1.0,,1.0,93.63110924369748,10.793,False,251.4943565508564,22.679839999999984,93.63110924369748,10.793,False,62.59146799255268,4.407139999999997,93.63110924369748,10.793,False,121.38024367535152,16.602170000000005,93.63110924369748,10.793,10.793,95.61087394957984,6.973000000000001,freq300,94.85467226890756,8.504999999999999,freq300,95.7713949579832,5.839,freq300,95.62203361344538,2.8230000000000004,93.63110924369748,10.793,10.793,62.59146799255268,4.407139999999997,6.973000000000001,95.5053949579832,4.668
bert-base-cased_batch2-train,vit_h_14_batch2-train,freq300,90,10,90,10,30,70,60,40,40,60,90,10,90,10,90,10,90,10,1.0,0.5354571634269258,0.7610691144708424,0.5959323254139669,1.0,0.6903347732181425,0.5863030957523399,1.7056024558710667,1.448572545952288,,1.0,,1.0,,1.0,94.55139028475712,11.112,False,251.1602106108328,23.555699999999984,94.55139028475712,11.112,False,62.841894570436416,4.512809999999995,94.55139028475712,11.112,False,120.5834651011279,16.84276000000001,94.55139028475712,11.112,11.112,94.97142617449664,6.622,freq300,95.43586264656616,5.95,freq300,94.72416107382551,8.457,freq300,94.55139028475712,11.112,94.55139028475712,11.112,11.112,62.841894570436416,4.512809999999995,7.670999999999999,94.05597989949749,6.515000000000001
bert-base-cased_batch2-train,mobilenet_batch2-train,freq900,40,60,80,20,30,70,60,40,60,40,80,20,90,10,10,90,90,10,0.9969126401772117,0.9290322580645161,0.9877751626747889,0.9877751626747889,0.9969126401772117,0.9871936868337254,0.7128063131662743,1.3985743697315778,1.0098450319051961,,0.9201993631455073,,0.9278277723937421,,0.9201993631455073,95.00642016806722,66.466,False,250.2172680558749,82.38323000000004,94.60238255033558,67.017,False,44.83000099362489,51.65946000000006,95.00642016806722,66.466,False,113.79961279801272,75.05965999999998,97.04113902847573,72.23,72.23,95.87168614357262,71.34700000000001,freq900,95.31479061976547,67.104,freq900,95.87168614357262,71.34700000000001,freq900,95.3733835845896,72.007,95.3733835845896,72.007,72.007,108.19673805050212,74.38374999999995,71.30499999999999,94.53761344537814,51.486
resnet-50_batch2-train,wav2vec2-base-960h_batch2-inf,freq900,50,50,40,60,70,30,70,30,30,70,20,80,20,80,90,10,40,60,0.9890621140175117,0.9787143523728488,0.9787143523728488,0.8995279005297395,0.8236763373864354,1.0,0.6192325638843905,1.5972385363799562,0.9890621140175117,,0.8236763373864354,,0.8680454532978344,,0.9890621140175117,96.34498327759198,60.018,False,248.5273005036555,98.65033000000004,94.85546822742477,63.251000000000005,False,48.854121157388825,32.17269999999999,96.0553355704698,72.069,False,104.2011666916512,82.32286999999998,95.51247491638796,72.866,72.866,95.05413735343384,65.545,freq900,95.04224832214764,71.315,freq900,95.04224832214764,71.315,freq900,96.34498327759198,60.018,96.0553355704698,72.069,72.069,104.2011666916512,82.32286999999998,72.866,96.12267558528428,45.121
resnet-50_batch2-train,vit-base-patch16-224_batch2-inf,freq900,20,80,30,70,70,30,50,50,30,70,60,40,20,80,40,60,30,70,0.9799577972461472,0.8332088051037415,0.9516803100342384,0.9799577972461472,0.8579228691304098,0.9516803100342384,1.0008292759025559,0.9791458152164996,1.0297132208303137,,1.0,,0.9353657435156372,,0.9799577972461472,94.79734557595994,121.793,False,169.1054649394177,130.89150000000004,94.04497487437185,113.921,False,56.01621812155061,42.91132,93.69764214046822,119.352,False,87.34065093314219,119.30766999999996,94.79734557595994,121.793,121.793,93.69764214046822,119.352,freq900,93.47385642737896,101.479,freq900,93.54328881469117,115.908,freq900,93.99614357262104,104.489,93.69764214046822,119.352,119.352,87.34065093314219,119.30766999999996,115.908,94.23533444816054,121.894
resnet-50_batch2-train,resnet-50_batch2-train,freq1530,50,50,30,70,80,20,80,20,70,30,80,20,30,70,50,50,40,60,0.9764577569695679,0.9864244165425269,0.9864244165425269,0.9666063701496773,0.9864244165425269,1.0,0.8960505781371924,1.0897350895074862,0.9764577569695679,,0.9764577569695679,,1.0,,0.9420976094204441,94.5996649916248,110.121,False,107.39051478670542,110.03095999999998,93.81926544240402,112.776,False,50.09768031100212,48.326640000000026,94.47664991624792,106.246,False,68.98371752058927,109.59095,93.81926544240402,112.776,112.776,94.7976794657763,109.01,freq1530,94.29409015025044,111.245,freq1530,94.29409015025044,111.245,freq1530,94.29409015025044,111.245,94.5996649916248,110.121,110.121,107.39051478670542,110.03095999999998,112.776,94.3036577181208,101.053
resnet-50_batch2-train,whisper-large-v2_batch2-inf,freq900,80,20,70,30,70,30,40,60,30,70,10,90,90,10,90,10,70,30,0.9939473080520215,0.9939473080520215,0.9416082867176058,0.8260601034075069,0.4247295699588841,0.9652896645432248,0.24447228643526442,4.065685000721813,1.0296881284048114,,0.9934002717535161,,0.9934002717535161,,0.9939473080520215,94.62882747068676,56.295,False,119.9565031892862,64.45626,94.62882747068676,56.295,False,48.955295908740815,31.780405,94.29540268456375,56.326,False,87.33702348117191,66.32162,93.24452261306531,56.669,56.669,95.28884033613446,46.812000000000005,freq900,94.29540268456375,56.326,freq900,95.63268006700169,53.36,freq900,93.67558724832216,24.069000000000003,94.29540268456375,56.326,56.326,87.33702348117191,66.32162,54.702000000000005,94.9410234899329,13.854
resnet-50_batch2-train,vit_h_14_batch2-train,freq900,50,50,90,10,30,70,30,70,30,70,20,80,90,10,90,10,90,10,0.9698762775685853,0.8390393725381319,0.8390393725381319,0.8390393725381319,0.6544795155216991,1.0,0.34322997102153435,2.825733063700708,0.9698762775685853,,0.9698762775685853,,0.9698762775685853,,0.9698762775685853,93.6187979966611,55.893,False,117.74916284023116,65.23582,93.6187979966611,55.893,False,48.76854152870535,31.664634999999997,93.6187979966611,55.893,False,67.20924248190735,66.63663000000001,96.09105527638192,57.629,57.629,96.71819095477387,48.353,freq900,96.71819095477387,48.353,freq900,96.71819095477387,48.353,freq900,95.31859531772577,37.717,93.6187979966611,55.893,55.893,67.20924248190735,66.63663000000001,57.629,94.45785953177256,19.78
whisper-large-v2_batch2-inf,whisper-large-v2_batch2-inf,freq300,20,80,20,80,70,30,50,50,50,50,10,90,10,90,20,80,10,90,1.0,0.9613333333333333,0.8813333333333334,0.8813333333333334,0.992,0.8813333333333334,0.9926666666666667,1.0073875083948958,1.13464447806354,,0.992,,1.0,,0.992,94.74525963149078,1.488,False,265.15605506290643,19.788084999999988,95.65112227805696,1.5,False,63.66601366704298,2.3397049999999977,94.74525963149078,1.488,False,131.2907594730217,10.174645000000002,95.65112227805696,1.5,1.5,94.45242016806723,1.322,freq300,95.01028571428571,1.442,freq300,94.45242016806723,1.322,freq300,94.74525963149078,1.488,95.65112227805696,1.5,1.5,63.66601366704298,2.3397049999999977,1.322,93.94641541038526,1.489
vit_h_14_batch2-train,wav2vec2-base-960h_batch2-inf,freq300,10,90,10,90,70,30,60,40,50,50,10,90,10,90,10,90,10,90,1.0,0.4073864783047427,0.4881937436932392,0.569848637739657,1.0,0.569848637739657,0.5883753784056509,1.6995952527954996,1.7548519620342824,,1.0,,1.0,,1.0,96.01298157453937,24.775,False,260.1686943913205,54.64164999999996,96.01298157453937,24.775,False,60.99683411234836,9.27298500000001,96.01298157453937,24.775,False,119.43897386855272,35.844904999999954,96.01298157453937,24.775,24.775,95.49140703517588,14.118,freq300,95.7627135678392,10.093,freq300,95.46001680672268,12.095,freq300,96.01298157453937,24.775,96.01298157453937,24.775,24.775,60.99683411234836,9.27298500000001,14.118,94.75348408710218,14.577
vit_h_14_batch2-train,whisper-large-v2_batch2-inf,freq300,90,10,90,10,70,30,40,60,60,40,10,90,90,10,90,10,90,10,1.0,0.8803025320618216,0.7497533706017756,0.8211114764879972,0.5462019072673462,0.7882275567247614,0.7221308780006577,1.3847905282331512,1.268669169795578,,1.0,,1.0,,1.0,95.00873949579832,3.0410000000000004,False,267.605337251136,9.278379999999997,95.00873949579832,3.0410000000000004,False,63.44528467375725,1.3236800000000002,95.00873949579832,3.0410000000000004,False,125.1395785310128,6.702380000000002,95.00873949579832,3.0410000000000004,3.0410000000000004,93.29048739495798,2.497,freq300,94.94906197654942,2.677,freq300,94.99392617449664,2.28,freq300,93.5129411764706,1.661,95.00873949579832,3.0410000000000004,3.0410000000000004,63.44528467375725,1.3236800000000002,2.397,94.75797319932995,2.196
vit_h_14_batch2-train,vit_h_14_batch2-train,freq300,40,60,10,90,70,30,60,40,50,50,10,90,40,60,10,90,10,90,0.9738095238095237,0.975595238095238,0.9848214285714285,0.9991071428571429,0.9738095238095237,0.9991071428571429,0.9580357142857143,1.0164647406026714,0.9746797736073874,,1.0,,0.9738095238095237,,0.9738095238095237,94.3704865771812,3.3600000000000003,False,278.709099319205,10.67059,94.71589614740368,3.272,False,63.3153631811381,1.465505,94.71589614740368,3.272,False,124.59362504606972,7.006065000000002,94.3704865771812,3.3600000000000003,3.3600000000000003,95.92278056951426,3.357,freq300,95.93424496644296,3.278,freq300,94.03323283082077,3.309,freq300,94.71589614740368,3.272,94.71589614740368,3.272,3.272,63.3153631811381,1.465505,3.357,95.280822147651,3.2190000000000003
albert-base-v2_batch2-train,wav2vec2-base-960h_batch2-inf,freq300,10,90,10,90,70,30,70,30,50,50,10,90,10,90,10,90,10,90,1.0,0.6401782969566554,0.6401782969566554,0.7330925299723332,1.0,0.7330925299723332,0.756340301260375,1.3221561753797695,1.3640842855645248,,1.0,,1.0,,1.0,96.54467336683416,26.024,False,260.3245735939467,55.88433999999991,96.54467336683416,26.024,False,61.056478321810125,9.80378999999999,96.54467336683416,26.024,False,118.77873184891796,37.48015999999994,96.54467336683416,26.024,26.024,95.5484757118928,19.078,freq300,95.95477386934674,16.66,freq300,95.95477386934674,16.66,freq300,96.54467336683416,26.024,96.54467336683416,26.024,26.024,61.056478321810125,9.80378999999999,19.078,94.12300840336135,19.683
albert-base-v2_batch2-train,vit-base-patch16-224_batch2-inf,freq900,10,90,20,80,70,30,50,50,50,50,60,40,20,80,10,90,20,80,0.9090656091282264,0.4620608084603075,0.6204132748904195,0.6204132748904195,0.5155221596048145,0.6204132748904195,0.5675502678633548,1.6017358472062178,1.4652581527833848,,0.9090656091282264,,1.0,,0.9090656091282264,93.48112227805694,65.33,False,190.7764036709681,90.21775,94.15392976588628,71.86500000000001,False,57.55228931443496,27.31911000000001,93.48112227805694,65.33,False,98.52380704075574,72.38788999999998,94.15392976588628,71.86500000000001,71.86500000000001,93.45100502512562,44.586000000000006,freq900,94.57610367892975,33.206,freq900,93.45100502512562,44.586000000000006,freq900,92.6932998324958,37.048,93.48112227805694,65.33,65.33,98.52380704075574,72.38788999999998,44.586000000000006,97.45857859531772,40.787
albert-base-v2_batch2-train,resnet-50_batch2-inf,freq900,40,60,60,40,60,40,60,40,60,40,90,10,60,40,10,90,60,40,0.9003272032223579,0.9003272032223579,0.9003272032223579,0.9003272032223579,0.4942064511948857,0.9633273220090063,0.6270963143742644,1.4357080126052593,0.9346015447218268,,0.9003272032223579,,0.9970411325766984,,0.9003272032223579,94.97053511705688,83.373,False,207.34108370784415,104.87319,93.67412751677853,92.329,False,49.25526351311198,51.75979999999996,94.97053511705688,83.373,False,104.18578012692366,94.25188499999996,95.72060200668896,92.603,92.603,94.97053511705688,83.373,freq900,94.97053511705688,83.373,freq900,94.97053511705688,83.373,freq900,96.29566386554622,45.765,94.97053511705688,83.373,83.373,104.18578012692366,94.25188499999996,89.20700000000001,94.82385259631492,58.071
albert-base-v2_batch2-train,mobilenet_v2_1.0_224_batch2-inf,freq900,70,30,60,40,50,50,50,50,60,40,90,10,80,20,20,80,80,20,0.9985545977310304,0.9863882620857467,0.9863882620857467,0.9985545977310304,0.8255118699761872,0.9863882620857467,0.8147389437125001,1.2256129468673023,1.0123342258955492,,0.9935320848107979,,0.9581041313548307,,0.9935320848107979,94.58532663316583,95.545,False,239.81333253602716,109.00760000000012,93.70409698996656,92.138,False,48.001725584386776,81.61205000000007,94.58532663316583,95.545,False,112.1776853656792,98.51358000000006,93.86589614740367,96.167,96.167,94.60429765886286,96.028,freq900,95.21136894824708,94.858,freq900,95.21136894824708,94.858,freq900,93.61994974874372,79.387,94.60429765886286,96.028,96.028,99.04513631476308,98.15636000000002,94.858,94.0210217755444,78.351
albert-base-v2_batch2-train,bert-base-cased_batch2-train,freq300,80,20,60,40,30,70,60,40,60,40,90,10,60,40,60,40,60,40,0.9215305283611089,0.8925341902697854,0.9215305283611089,0.9215305283611089,0.9998505343397354,0.9425304536282788,0.919662207607802,1.0020315293352837,0.9777196320964162,,0.9215305283611089,,0.9215305283611089,,0.9215305283611089,95.95184254606365,12.331,False,264.7288137129292,27.409575000000046,95.95184254606365,12.331,False,63.78868167246209,5.309380000000001,95.95184254606365,12.331,False,128.87084515594142,19.923344999999998,98.47193277310924,13.381,13.381,95.95184254606365,12.331,freq300,95.95942857142856,11.943,freq300,95.95184254606365,12.331,freq300,97.10396638655462,13.379,95.95184254606365,12.331,12.331,63.78868167246209,5.309380000000001,12.611999999999998,95.32130653266331,12.306
albert-base-v2_batch2-train,resnet-50_batch2-train,freq900,40,60,60,40,30,70,60,40,60,40,80,20,70,30,20,80,70,30,0.9106370755601245,0.9860913736280349,0.9106370755601245,0.9106370755601245,0.7243219544643668,0.9931817494633085,0.5437365827109727,1.674776177500973,0.9168886521044218,,0.8581924832945302,,0.9573972726997854,,0.8581924832945302,96.81648829431438,56.766,False,230.2627681959573,74.28719999999997,93.14917785234898,63.328,False,50.266312456063744,28.647719999999968,96.81648829431438,56.766,False,110.34726122436771,66.47210999999999,94.29853088480802,66.146,66.146,93.6273076923077,60.235,freq900,94.1791457286432,65.226,freq900,93.6273076923077,60.235,freq900,96.28890756302522,47.911,93.6273076923077,60.235,60.235,104.02660630654049,66.22894,65.69500000000001,95.94240802675586,35.966
albert-base-v2_batch2-train,whisper-large-v2_batch2-inf,freq300,90,10,90,10,70,30,80,20,60,40,10,90,90,10,90,10,90,10,1.0,0.7528545424458051,0.8492470627171934,0.6973357603839152,0.2380440178719179,0.6130233327817309,0.484941254343869,2.0621054427572085,1.6312592792549603,,1.0,,1.0,,1.0,96.37247058823527,12.086,False,270.54720312445625,23.61082000000002,96.37247058823527,12.086,False,63.00579620672563,4.715010000000001,96.37247058823527,12.086,False,125.67927545424354,17.255625000000006,96.37247058823527,12.086,12.086,95.3615462184874,8.427999999999999,freq300,94.55332773109242,9.099,freq300,94.18998319327731,10.264,freq300,95.46285714285716,2.877,96.37247058823527,12.086,12.086,63.00579620672563,4.715010000000001,7.409,95.37755033557048,5.861000000000001
albert-base-v2_batch2-train,vit_h_14_batch2-train,freq300,90,10,90,10,30,70,30,70,50,50,90,10,90,10,90,10,90,10,1.0,0.5030669895076675,0.5030669895076675,0.654317998385795,1.0,0.654317998385795,0.602179176755448,1.6606353035786088,1.528308868878747,,1.0,,1.0,,1.0,96.42547738693467,12.39,False,270.35618120290167,24.467410000000008,96.42547738693467,12.39,False,62.97761661029271,4.817000000000001,96.42547738693467,12.39,False,125.0960092610086,17.646284999999995,96.42547738693467,12.39,12.39,94.878322147651,8.107,freq300,95.7689782244556,6.2330000000000005,freq300,95.7689782244556,6.2330000000000005,freq300,96.42547738693467,12.39,96.42547738693467,12.39,12.39,62.97761661029271,4.817000000000001,8.107,97.29146218487396,7.461
albert-base-v2_batch2-train,albert-base-v2_batch2-train,freq300,20,80,40,60,70,30,70,30,50,50,10,90,40,60,40,60,50,50,0.9442847667477338,0.9147321099565185,0.9147321099565185,0.9556341661139361,0.996462524872872,0.9556341661139361,0.9118579114157269,1.0355613028368222,0.9881236986195727,,0.9442847667477338,,0.9442847667477338,,0.9556341661139361,96.94351260504202,12.813,False,264.0835011834539,28.54293500000005,96.94351260504202,12.813,False,63.70329887557741,5.394709999999999,95.85979831932774,12.967,False,130.03923556941973,20.550830000000005,98.66063865546218,13.569,13.569,95.85979831932774,12.967,freq300,96.02495812395308,12.412,freq300,96.02495812395308,12.412,freq300,97.01380234505864,13.521,96.94351260504202,12.813,12.813,63.70329887557741,5.394709999999999,12.967,94.20984949832776,12.373
albert-base-v2_batch2-train,bert-base-cased_batch2-inf,freq300,10,90,10,90,70,30,80,20,50,50,10,90,10,90,10,90,10,90,1.0,0.5282843812957269,0.4802512989078571,0.6665252889407274,1.0,0.6665252889407274,0.6554978263174638,1.5255580718214168,1.5003181673560293,,1.0,,1.0,,1.0,96.74589614740368,37.724,False,263.84468495578034,83.33382000000003,96.74589614740368,37.724,False,62.59026332821544,15.142774999999984,96.74589614740368,37.724,False,126.10870787436215,58.06876000000002,96.74589614740368,37.724,37.724,97.71721943048576,25.144,freq300,95.7955294117647,19.929,freq300,94.4760971524288,18.117,freq300,96.74589614740368,37.724,96.74589614740368,37.724,37.724,62.59026332821544,15.142774999999984,25.144,93.8536974789916,24.728
mobilenet_batch2-train,vit-base-patch16-224_batch2-inf,freq900,10,90,10,90,70,30,50,50,50,50,60,40,10,90,50,50,10,90,1.0,0.8518353384325635,0.9157473959334282,0.9157473959334282,0.8627282161663529,0.9157473959334282,1.0167659607179922,0.983510501565028,1.0920041972717731,,1.0,,0.9157473959334282,,1.0,94.9293143812709,130.08499999999998,False,144.4591143686455,139.41325000000015,94.82467336683418,119.125,False,52.958815238228816,67.10182500000003,94.9293143812709,130.08499999999998,False,81.04789872306087,125.69383999999997,94.9293143812709,130.08499999999998,130.08499999999998,94.82467336683418,119.125,freq900,92.75245409015024,110.811,freq900,94.82467336683418,119.125,freq900,93.6121906354515,112.228,94.9293143812709,130.08499999999998,130.08499999999998,81.04789872306087,125.69383999999997,119.125,92.28789297658862,132.266
mobilenet_batch2-train,mobilenet_v2_1.0_224_batch2-inf,freq900,60,40,60,40,80,20,80,20,50,50,90,10,80,20,40,60,60,40,1.0,0.934575312219692,0.934575312219692,0.9425998758021112,0.9422755813151176,0.9425998758021112,0.9962050645139032,1.0038093918825324,1.0608955354986056,,0.934575312219692,,0.999993100117298,,1.0,72.66127090301003,135.44799999999998,False,75.5349686367501,139.8994399999999,72.91495826377296,144.929,False,44.98209007538812,117.17517000000012,72.98257095158597,144.93,False,51.11937421126231,140.93202999999986,72.98257095158597,144.93,144.93,72.4549581239531,136.611,freq900,72.66127090301003,135.44799999999998,freq900,72.66127090301003,135.44799999999998,freq900,72.73379598662207,136.564,72.98257095158597,144.93,144.93,51.11937421126231,140.93202999999986,136.611,73.42183946488295,144.38
mobilenet_batch2-train,resnet-50_batch2-train,freq900,10,90,20,80,10,90,10,90,50,50,10,90,10,90,50,50,20,80,0.994809209034328,1.0,1.0,0.9224825083783398,1.0,0.9224825083783398,0.9707283066094392,1.0248070466895094,1.0784044141748916,,1.0,,0.9224825083783398,,0.994809209034328,85.26375626043405,119.057,False,85.40134367153892,113.96969999999986,84.06743718592965,109.828,False,47.08853916592631,72.53828499999995,84.11649415692821,118.439,False,57.907119971436174,115.92756999999987,85.26375626043405,119.057,119.057,84.06743718592965,109.828,freq900,85.26375626043405,119.057,freq900,85.26375626043405,119.057,freq900,85.26375626043405,119.057,84.11649415692821,118.439,118.439,57.907119971436174,115.92756999999987,109.828,84.14192629815744,115.572
mobilenet_batch2-train,mobilenet_batch2-train,freq1530,40,60,50,50,90,10,90,10,90,10,90,10,50,50,50,50,20,80,0.9583514064934856,0.9462624704805052,0.9462624704805052,0.9462624704805052,0.9462624704805052,0.9583514064934856,0.9379568493260719,1.021743598527019,1.0,,0.9583514064934856,,0.9583514064934856,,0.998080228766045,72.3740201005025,119.309,False,76.90379186287467,121.9814,72.3740201005025,119.309,False,45.44319721354772,94.69522,72.55472361809045,124.255,False,51.8293862872525,121.28522999999988,72.56255425709516,124.494,124.494,72.39288814691152,117.804,freq1530,72.39288814691152,117.804,freq1530,72.39288814691152,117.804,freq1530,72.39288814691152,117.804,72.3740201005025,119.309,119.309,76.90379186287467,121.9814,119.309,72.2565776293823,116.77
bert-base-cased_batch2-inf,wav2vec2-base-960h_batch2-inf,freq300,90,10,90,10,30,70,80,20,50,50,90,10,80,20,90,10,90,10,1.0,0.7927153888727829,0.9186674748965554,0.842974988798988,1.0,0.842974988798988,0.8097936378251588,1.2348825099264467,1.18627481632015,,0.9186674748965554,,1.0,,1.0,94.8246644295302,34.857,False,273.1376916943338,87.86221499999994,95.12876046901172,37.943,False,62.74663830804188,15.140144999999997,95.12876046901172,37.943,False,126.14832747719116,59.97862000000001,95.12876046901172,37.943,37.943,98.53277310924368,31.985,freq300,96.97266331658292,30.078,freq300,94.8246644295302,34.857,freq300,95.12876046901172,37.943,95.12876046901172,37.943,37.943,62.74663830804188,15.140144999999997,31.985,95.74149579831932,30.726
bert-base-cased_batch2-inf,vit-base-patch16-224_batch2-inf,freq900,10,90,30,70,30,70,60,40,50,50,60,40,50,50,10,90,50,50,0.8583694866232826,0.8583694866232826,0.696867575663671,0.740483937609751,0.696867575663671,0.740483937609751,0.7187790517508521,1.1942049292232522,1.1592006835341506,,0.740483937609751,,1.0,,0.740483937609751,94.2891122278057,57.349,False,240.2039839468294,116.86691999999984,95.25857621440537,77.44800000000001,False,57.97293669093156,27.90074999999998,94.2891122278057,57.349,False,120.45350965806313,86.62208999999996,95.25857621440537,77.44800000000001,77.44800000000001,94.2891122278057,57.349,freq900,93.9938795986622,66.479,freq900,95.78048576214408,53.971,freq900,95.78048576214408,53.971,93.9938795986622,66.479,66.479,107.11866729928497,83.25652000000005,57.349,97.17574539363484,55.668
bert-base-cased_batch2-inf,resnet-50_batch2-inf,freq900,40,60,60,40,30,70,60,40,60,40,90,10,80,20,10,90,60,40,0.9232898813779954,0.9957831435747942,0.9232898813779954,0.9232898813779954,0.665685789193847,0.949819408540051,0.6559136827823919,1.4076393062291233,0.9720688723313903,,0.7703096639348771,,0.8610820820270246,,0.9232898813779954,95.19361809045226,84.03,False,257.222397536233,137.51441999999994,94.99065436241612,93.932,False,49.2322778093139,51.48003,94.4698659966499,100.718,False,105.77421096280736,114.30895999999998,95.00701842546064,109.086,109.086,94.4698659966499,100.718,freq900,95.1306510851419,108.626,freq900,94.4698659966499,100.718,freq900,98.40585284280937,72.61699999999999,94.4698659966499,100.718,100.718,105.77421096280736,114.30895999999998,103.612,94.23391304347824,71.551
bert-base-cased_batch2-inf,mobilenet_v2_1.0_224_batch2-inf,freq900,60,40,70,30,30,70,60,40,50,50,90,10,80,20,10,90,80,20,0.9916662453443887,0.9297150176112712,1.0,0.9699007364713417,0.912752582705563,0.9699007364713417,0.7648347574026324,1.296575810325452,1.0224409654045976,,0.9921212734044526,,0.808930347001028,,0.9921212734044526,94.42362416107382,117.739,False,253.5700693604928,148.5768599999999,96.62165551839465,95.999,False,45.7326837946323,80.55735000000001,94.42362416107382,117.739,False,111.84410825049528,125.98368999999995,96.34180904522611,118.674,118.674,93.06113902847572,115.102,freq900,92.88219430485762,110.333,freq900,96.34180904522611,118.674,freq900,97.22135451505017,108.32,94.135243697479,117.685,117.685,103.62027356566004,119.48211,115.102,93.05439799331104,90.766
bert-base-cased_batch2-inf,bert-base-cased_batch2-train,freq300,90,10,90,10,30,70,80,20,60,40,90,10,90,10,90,10,90,10,1.0,0.5221844828969537,0.8549116097456606,0.6819288063972613,1.0,0.6206841218475033,0.709395309031585,1.4096512723845431,1.6111254739744918,,1.0,,1.0,,1.0,96.40115577889448,37.391000000000005,False,274.6423323755266,80.56078499999991,96.40115577889448,37.391000000000005,False,62.60827249092656,14.619009999999983,96.40115577889448,37.391000000000005,False,125.6976208459244,54.36967999999998,96.40115577889448,37.391000000000005,37.391000000000005,94.50344537815128,25.498,freq300,95.99115966386556,19.525,freq300,94.5917755443886,31.966,freq300,96.40115577889448,37.391000000000005,96.40115577889448,37.391000000000005,37.391000000000005,62.60827249092656,14.619009999999983,23.208,95.7870351758794,26.525
bert-base-cased_batch2-inf,resnet-50_batch2-train,freq900,50,50,60,40,30,70,60,40,60,40,90,10,80,20,60,40,80,20,0.9870972366581842,0.9471225643047442,0.9870972366581842,0.9870972366581842,0.7408217148728241,1.0,0.6059519969415672,1.6290023659305992,0.9870972366581842,,0.8289667037023762,,0.9870972366581842,,0.8289667037023762,96.67768844221104,69.387,False,253.93493996158253,119.760125,96.8923076923077,82.62299999999999,False,58.52554640090346,31.696200000000005,96.67768844221104,69.387,False,114.65106942677784,100.95597000000002,96.41560934891486,83.703,83.703,96.8923076923077,82.62299999999999,freq900,96.04896494156928,79.277,freq900,96.8923076923077,82.62299999999999,freq900,99.385243697479,62.009,96.8923076923077,82.62299999999999,82.62299999999999,106.1754870246322,96.67252999999997,83.703,95.28280201342282,50.72
bert-base-cased_batch2-inf,whisper-large-v2_batch2-inf,freq300,90,10,90,10,30,70,30,70,60,40,90,10,90,10,90,10,90,10,1.0,0.3656191627293704,0.3656191627293704,0.6117459619821997,1.0,0.518734205032414,0.42102516207010215,2.3751549553076274,1.9277695403516206,,1.0,,1.0,,1.0,96.08042016806722,36.404,False,274.5349302735869,79.23355499999997,96.08042016806722,36.404,False,63.18834905830944,14.313695,96.08042016806722,36.404,False,126.53342006000744,53.55199,96.08042016806722,36.404,36.404,93.61779831932772,22.27,freq300,95.63033613445378,13.31,freq300,95.63033613445378,13.31,freq300,96.08042016806722,36.404,96.08042016806722,36.404,36.404,63.18834905830944,14.313695,18.884,96.34515912897822,15.327
bert-base-cased_batch2-inf,vit_h_14_batch2-train,freq300,90,10,90,10,30,70,80,20,50,50,90,10,90,10,90,10,90,10,1.0,0.36651436913677043,0.8593095244532158,0.544675444050934,1.0,0.544675444050934,0.5355105571926789,1.8673768174474958,1.8359557254181764,,1.0,,1.0,,1.0,97.91495798319328,36.989,False,274.3290272754758,78.22830499999998,97.91495798319328,36.989,False,62.6663795761182,14.304745000000004,97.91495798319328,36.989,False,125.45704893113036,53.942749999999975,97.91495798319328,36.989,36.989,97.06430485762144,20.147,freq300,95.33606365159127,13.557,freq300,97.98208053691276,31.785,freq300,97.91495798319328,36.989,97.91495798319328,36.989,36.989,62.6663795761182,14.304745000000004,20.147,95.32494137353432,19.808
bert-base-cased_batch2-inf,mobilenet_batch2-train,freq900,80,20,70,30,30,70,60,40,60,40,90,10,80,20,50,50,80,20,0.9718576230072669,0.90813127627427,0.9871313893371433,0.9871313893371433,0.9065381176059452,0.957416410562128,0.6296471410510736,1.5434956496188315,1.0150835229956627,,1.0,,0.957416410562128,,1.0,94.90896147403689,97.291,False,252.98514812871497,125.68663499999994,94.4396147403685,93.148,False,53.307626225421245,56.45555000000003,94.90896147403689,97.291,False,111.75014485883764,110.33217,94.90896147403689,97.291,97.291,95.82620401337792,96.039,freq900,91.82680067001677,88.35300000000001,freq900,95.82620401337792,96.039,freq900,92.67437185929649,88.19800000000001,94.0227135678392,94.553,94.553,103.21757419873347,98.76307999999992,93.148,95.91731092436976,61.259
bert-base-cased_batch2-inf,bert-base-cased_batch2-inf,freq300,80,20,40,60,70,30,70,30,50,50,10,90,30,70,40,60,50,50,0.8515552894809052,0.9086033575294968,0.9086033575294968,0.8355658659482651,0.9923919279602884,0.8355658659482651,0.8868517548454687,0.9602002643940035,1.019136042033615,,0.9279602883584026,,0.8515552894809052,,0.8355658659482651,97.31725293132328,37.201,False,273.97039708419084,96.88089000000008,94.68796638655462,34.138000000000005,False,64.58608123452262,16.154244999999992,93.82405360134004,33.497,False,131.9297983287778,62.89469000000002,98.93430485762144,40.089,40.089,93.82405360134004,33.497,freq300,96.04542713567838,36.425,freq300,96.04542713567838,36.425,freq300,96.05541038525963,39.784,94.68796638655462,34.138000000000005,34.138000000000005,64.58608123452262,16.154244999999992,33.497,95.21702521008405,35.553
